Energy,Exact,Mix8Av,Kav,Tav,H30av,H60av,H90av,MixBasis0,KBasis0,TBasis0,H30Basis0,H60Basis0,H90Basis0
3,1918.84323264407,1.07255456084695E-05,3.41519878400615E-05,1.94805174849153E-05,1.73781413123674E-05,1.48055058445775E-05,1.13569127302574E-05,1918.85155277435,1918.85857558598,1918.85741212739,1918.84799801848,1918.8513942766,1918.85231837632
3.33333333333333,1920.99714864099,1.37136844710731E-05,1.99600433295296E-05,1.81990171809226E-05,1.98391803443639E-05,1.88210035571694E-05,1.28895905270096E-05,1921.00506535077,1921.03399841354,1921.01008521705,1920.99897356313,1921.00462352805,1921.00528212958
3.66666666666667,1906.42317918243,1.26001287502182E-05,1.89616465353076E-05,1.36654405707257E-05,2.58889661600372E-05,1.86740698052963E-05,1.35354533097518E-05,1906.43197512343,1906.50303138288,1906.43419629087,1906.42449129893,1906.43474200517,1906.42952823651
4,1878.53404297695,1.07382570671291E-05,2.51661031844948E-05,1.19173217529774E-05,2.12540665537856E-05,1.70264398081477E-05,1.12674296082353E-05,1878.54414584722,1878.70785157095,1878.5427472996,1878.5357785057,1878.56938346667,1878.53576685765
4.33333333333333,1840.43197049285,8.95716388251625E-06,2.10291151333315E-05,1.16649623795215E-05,2.05814302941632E-05,1.28555729224549E-05,9.51594656741816E-06,1840.43630320823,1840.49277238498,1840.43810310004,1840.43295230659,1840.44217170175,1840.43304267882
4.66666666666667,1794.80339273042,9.79434376210395E-06,3.29268353311533E-05,1.21268778488385E-05,2.20271019722475E-05,1.52966761691162E-05,9.0640806074122E-06,1794.80034634473,1794.65389754683,1794.80686970868,1794.80128836534,1794.80483935853,1794.80847215407
5,1744.04923110936,1.18035091869407E-05,4.07799988233609E-05,1.31746205469831E-05,2.46608164543758E-05,1.59375383817009E-05,1.30964198011613E-05,1744.04212169188,1743.91923543657,1744.05032500998,1744.0417429206,1744.04806981193,1744.05793441497
5.33333333333333,1689.99796291774,1.20510114196518E-05,1.82302747849494E-05,1.52253888438719E-05,2.57119230285332E-05,1.73003049523145E-05,1.55188826050557E-05,1689.98567000342,1689.87813463911,1689.99792797056,1689.98270026827,1689.99186600375,1690.00835653407
5.66666666666667,1634.45712404097,1.41473668532179E-05,2.70796290348448E-05,1.83192740004454E-05,2.38991524387532E-05,1.99072690806738E-05,1.67075262591912E-05,1634.43621574491,1634.33322548109,1634.45887563296,1634.42979621085,1634.44068602321,1634.46451066374
6,1578.62932546773,1.75846824670298E-05,2.80475290201167E-05,2.52428689998914E-05,2.28709919829069E-05,2.49353616187149E-05,1.84031020821621E-05,1578.58115318989,1578.4802608954,1578.63027727908,1578.5592496808,1578.57601622671,1578.61573510736
6.33333333333333,1523.53418569879,1.64600761469896E-05,2.85794083319669E-05,0.000139038662712,1.78821606584686E-05,2.98640215404147E-05,2.29861976419203E-05,1523.53863638262,1523.38108235524,1523.60611143132,1523.50125104167,1523.55823949312,1523.58474232172
6.66666666666667,1469.85720159051,1.87085113643072E-05,3.27713276917488E-05,3.63744270971723E-05,1.55176181724768E-05,2.20809644796837E-05,2.46884180611932E-05,1469.84668657354,1469.66593555078,1469.95610068302,1469.83673643482,1469.85607395609,1469.87855014211
7,1418.23957310363,2.00749329661178E-05,4.27166643244555E-05,3.40166760172899E-05,1.59783768768657E-05,2.03556508207353E-05,2.41473970380304E-05,1418.21902683615,1417.98892599855,1418.37375351006,1418.20838556396,1418.22119939313,1418.24514599935
7.33333333333333,1368.94595519757,2.08110806705892E-05,6.05180361177914E-05,3.42970189862386E-05,1.83540184045713E-05,2.01789971952481E-05,2.2091255938342E-05,1368.920811404,1368.72532197061,1369.070072097,1368.90234079971,1368.91822490697,1368.94147552715
7.66666666666667,1322.10930695246,2.14646109839815E-05,5.10663101861246E-05,3.14140786359306E-05,2.06850283081665E-05,1.95831179354599E-05,2.03804463313642E-05,1322.08577021424,1322.00931534226,1322.19716065211,1322.05766967427,1322.07713594768,1322.09928673201
8,1277.82854991334,2.08422103000932E-05,3.327571649542E-05,2.77440478260384E-05,2.26562995122196E-05,1.91382694839416E-05,1.9683972095913E-05,1277.80810782124,1277.7922237402,1277.88702282446,1277.77434865935,1277.79626680881,1277.81646936978
8.33333333333333,1236.11257283784,2.08391593967413E-05,2.98637409216853E-05,2.52584509177853E-05,2.32835898543975E-05,1.95518096088178E-05,1.94276679171962E-05,1236.09571141358,1236.09168987044,1236.15208684873,1236.06200830871,1236.08360360833,1236.10079458235
8.66666666666667,1196.92003723473,2.11896855688665E-05,3.08788845748287E-05,2.56196031520723E-05,2.30398380009803E-05,1.96046691660979E-05,1.95451535785119E-05,1196.90713279576,1196.87968141946,1196.94741926683,1196.87814963834,1196.89644083868,1196.9099165566
9,1160.07826672135,2.17621742394621E-05,3.77484909408321E-05,2.45732477936308E-05,2.19828241218833E-05,1.6826316185915E-05,2.44798197087045E-05,1160.07069488564,1160.21041791799,1160.09754823685,1160.04755539908,1160.06078133676,1160.07039193677
9.33333333333333,1125.54090601393,2.10087288543366E-05,2.66541957097584E-05,2.29641371340264E-05,2.15917567740722E-05,2.28070712735903E-05,2.16339323010588E-05,1125.53732637059,1125.5801246749,1125.55445636136,1125.52159642146,1125.52935472403,1125.53531684324
9.66666666666667,1093.16022500646,2.14616867482471E-05,2.40436904129217E-05,2.32890110649859E-05,2.89164415003028E-05,2.19080637424851E-05,2.34831284546085E-05,1093.15973771848,1093.18289105244,1093.16942292111,1093.15137693048,1093.15395299559,1093.15657430879
10,1062.9737606372,2.20298577291167E-05,2.67415503357222E-05,2.40316418302345E-05,2.28632902960966E-05,2.16026785950738E-05,2.37077835372966E-05,1062.97561562,1062.98806538696,1062.97930798791,1062.97414021143,1062.97187405164,1062.9713465265
10.3333333333333,1034.77904470637,2.14246738114563E-05,2.9044055848843E-05,2.41805430150729E-05,2.09162802416281E-05,2.02717151171196E-05,2.14471839675034E-05,1034.78250948005,1034.7875388945,1034.78118695323,1034.78763904825,1034.78058098882,1034.77684564579
10.6666666666667,1008.6175722566,2.0641480819298E-05,2.93283362533865E-05,2.39765338455224E-05,1.98530755688571E-05,1.93959665854603E-05,1.997761587022E-05,1008.62190211073,1008.62221975802,1008.61616521048,1008.63368499653,1008.62146426063,1008.61409096763
11,984.403221105337,1.98507836665916E-05,2.83195300748863E-05,2.39341112221566E-05,1.95421645442575E-05,1.88823680670959E-05,1.98356801671981E-05,984.407695083876,984.406536713433,984.397842456635,984.426522612738,984.408276823501,984.396276731573
11.3333333333333,962.12000709484,1.91348801342075E-05,2.70869709791166E-05,2.38110836424551E-05,1.9596410319314E-05,1.91477504912683E-05,2.0557381504586E-05,962.123908867886,962.124990419582,962.110051958147,962.150539618103,962.12483987933,962.106250431913
11.6666666666667,941.732417834199,1.84768845912626E-05,2.49359418365219E-05,2.36385628529683E-05,1.9683038747426E-05,1.99355400052058E-05,2.23277995425465E-05,941.735038045555,941.741953346696,941.717345781925,941.770604998395,941.735409885095,941.706392905673
12,923.213759370746,1.77806332224389E-05,4.03003743606282E-05,2.34095531391342E-05,1.98711283963149E-05,1.83752133590378E-05,2.5126338110583E-05,923.21436808228,923.22937446919,923.193418167072,923.260400624791,923.213008812366,923.165621892531
12.3333333333333,906.517951321678,1.73270343457501E-05,5.63718607436271E-05,2.30271988868355E-05,1.96860331554752E-05,1.92142748204543E-05,2.95977707447535E-05,906.516071161973,906.539831993976,906.493107281924,906.574161814375,906.51127708459,906.428159771027
12.6666666666667,891.623650060582,1.65545691068361E-05,2.44799430902514E-05,2.23515140469975E-05,1.97183693966264E-05,2.2684169871773E-05,3.83906003514509E-05,891.62151314,891.651048016317,891.596377290185,891.690795140108,891.659305521744,891.453807577188
13,878.490204501657,1.65906107035553E-05,2.52347425804705E-05,2.12315809320258E-05,1.98825039109033E-05,3.4416928094483E-05,4.85623014196882E-05,878.498212503497,878.521972580161,878.463838239946,878.569876228323,878.645657313788,878.230601103978
13.3333333333333,867.100834147827,2.01072746461282E-05,2.70333285139411E-05,1.96004504365922E-05,2.02655240781806E-05,5.62783504746127E-05,3.27070374873056E-05,867.144864841754,867.135871438692,867.079202459379,867.194802787061,867.443936578884,866.977440181559
13.6666666666667,857.388213139019,2.31121757667895E-05,2.8552047976015E-05,1.75210010549553E-05,2.10831833853072E-05,6.44086603481636E-05,2.12799997989009E-05,857.462433054218,857.425669466723,857.374496036211,857.498305464963,857.787261875116,857.417718552379
14,849.299844800308,2.38920052815761E-05,3.05334260440671E-05,1.52067972299976E-05,2.22605926947086E-05,5.98256398706324E-05,2.64067770772603E-05,849.384802943433,849.339112154508,849.295737220314,849.427731485561,849.611358536683,849.379456540622
14.3333333333333,842.788763048241,2.40002027634814E-05,3.40559260456541E-05,1.42506409930026E-05,2.37015002602182E-05,6.32355162130895E-05,2.72261444587702E-05,842.878594390019,842.82938098904,842.794436673332,842.935549031662,843.036107602776,842.883077999287
14.6666666666667,837.785617940543,2.33391314454779E-05,4.24096843356567E-05,1.41352534417837E-05,2.53662854304561E-05,5.06012687430068E-05,2.69345642721166E-05,837.878561997318,837.827201974648,837.800188327052,837.951462223711,837.995554508691,837.884533760166
15,834.219572847435,2.25110646167175E-05,6.46717778377695E-05,1.54482963359924E-05,2.74127356824158E-05,3.90353763718846E-05,2.62784365361835E-05,834.314772949627,834.261800399847,834.241567663332,834.403787063322,834.407037158574,834.319970902749
15.3333333333333,832.02023649059,2.20246551147857E-05,4.9397906946905E-05,1.44166991194998E-05,2.97166760577948E-05,3.33657798193056E-05,2.53791063432853E-05,832.117100600961,832.062832829541,832.048332475858,832.221507643574,832.193525660408,832.121013412702
15.6666666666667,831.120098042076,2.16958657865536E-05,2.37154498051462E-05,1.44938584802716E-05,3.22128275752858E-05,3.1526533714484E-05,2.44491621076872E-05,831.21814926135,831.162825400512,831.153370222036,831.33691754328,831.284100020903,831.220749355112
16,831.431046754633,2.11987670784862E-05,2.44351742926071E-05,1.49290948252925E-05,3.48468826469138E-05,2.88264842702395E-05,2.34931313965763E-05,831.529943274697,831.473725425181,831.468252709799,831.662365636824,831.588868600075,831.531495170291
16.3333333333333,832.880369141197,2.0621325894351E-05,2.25286032908268E-05,1.5405926749634E-05,3.72234843110635E-05,2.75216035152628E-05,2.25999688901018E-05,832.979861049187,832.922812242171,832.920315515734,833.125975733833,833.034006518037,832.980843194166
16.6666666666667,835.398206479916,2.00463565281373E-05,2.03902788189253E-05,2.0037713210512E-05,3.93036745220346E-05,2.68362184222601E-05,2.17668546048885E-05,835.498108617459,835.440167648917,835.439803901684,835.659643649326,835.54898311829,835.499125878007
17,838.893252524332,1.91796429416792E-05,1.82351073907364E-05,1.2660673296459E-05,4.10368646437588E-05,2.63296655428311E-05,2.09429702577174E-05,838.993177297007,838.934409465454,838.935456421946,839.170527333507,839.042116034351,838.995203144107
17.3333333333333,843.290702270161,1.8200646076136E-05,1.61680536548732E-05,1.22743855307359E-05,4.12947830989412E-05,2.57557339936199E-05,2.00955574701803E-05,843.389853711873,843.330658772812,843.332376744726,843.572284640381,843.438236324879,843.394310788473
17.6666666666667,848.522445492918,1.72133307426544E-05,1.43274548670275E-05,1.11233245303323E-05,4.18600293617156E-05,2.51634439088318E-05,1.92670118929089E-05,848.621130748067,848.560855014621,848.562267369516,848.822520666356,848.668802947048,848.628274837573
18,854.507382969932,1.6280182211641E-05,1.3143179101324E-05,9.93483252536828E-06,4.43293037028936E-05,2.46706570380576E-05,1.84582317636993E-05,854.605568530679,854.544042751076,854.543812365079,854.833560804824,854.651983582038,854.61576120615
18.3333333333333,861.190106286641,1.53247184427357E-05,1.32322180247931E-05,8.69259384955263E-06,4.83329137812952E-05,2.39719206576242E-05,1.79511868417787E-05,861.287483419482,861.224911706692,861.221959057886,861.551623226456,861.331303416074,861.300906259992
18.6666666666667,868.495184159827,1.44866773175595E-05,1.60050874256894E-05,7.70192547903993E-06,5.38393949677381E-05,2.27463271222788E-05,1.74320358133746E-05,868.59143887336,868.528074698464,868.524446211311,868.906560876297,868.632260633815,868.607934354926
19,876.375927962787,1.37685314937658E-05,1.37155096203043E-05,7.57434023227299E-06,6.18035757739784E-05,2.18758139752502E-05,1.67990309823828E-05,876.470720810674,876.40685343234,876.410235935421,876.859291551755,876.510539323551,876.489810854979
19.3333333333333,884.755439339482,1.29821007650694E-05,1.64665288948958E-05,8.44004725325792E-06,7.24396070298292E-05,2.11846591642917E-05,1.47455190959077E-05,884.847393369641,884.784344511425,884.798807477417,885.33564693478,884.888552880461,884.858077338154
19.6666666666667,893.590734107721,1.25589971356788E-05,1.68202806707603E-05,9.0884986334525E-06,7.8865403457188E-05,2.02532951263806E-05,1.35574280787375E-05,893.677519596739,893.617553707284,893.639567349981,894.232308186125,893.721883560587,893.681858720076
20,902.820595655771,1.15353902207496E-05,1.52859402304781E-05,9.36812802170044E-06,5.46540901950129E-05,1.97353262875314E-05,1.3223751933254E-05,902.897520873368,902.845249999185,902.871054566891,903.249358307224,902.948372873508,902.907431556961
20.3333333333333,912.424784583518,1.03959210248923E-05,1.43301652638978E-05,9.81706162467492E-06,1.48498000097598E-05,1.89100723513158E-05,1.30322027000279E-05,912.489220375337,912.447255817038,912.474821978078,912.494120159401,912.546903941093,912.506177467766
20.6666666666667,922.331536780953,9.63846327526974E-06,1.36785107184377E-05,1.04271911427744E-05,1.48293787966568E-05,1.85044226026627E-05,1.28130739861163E-05,922.385875996294,922.351988610585,922.380211290344,922.261061775609,922.444396913733,922.406382927099
21,932.521031825969,9.09232188925605E-06,1.35624165592471E-05,1.10191235424919E-05,1.68258079572516E-05,1.79762064069311E-05,1.26700869867538E-05,932.567088853261,932.539909328596,932.567926507833,932.428995454819,932.61903022814,932.588521394707
21.3333333333333,942.959947094554,8.61601110623268E-06,1.36815768944025E-05,1.16689419891314E-05,1.55528899001212E-05,1.49327065158407E-05,1.25963434779821E-05,942.998207413691,942.977889469486,943.004867101176,942.875831605831,943.034931229053,943.019376644398
21.6666666666667,953.593743800968,8.09646522161713E-06,1.39784673630996E-05,1.25135821031693E-05,1.38321334847194E-05,1.08164275880151E-05,1.26798382148649E-05,953.624195197786,953.611327311245,953.636627291865,953.521916831704,953.636315121267,953.644541560643
22,964.413406736517,7.50645969323202E-06,1.43579796284251E-05,1.38541645132961E-05,1.23578936511363E-05,7.09446469896197E-06,1.28543627212811E-05,964.436126103783,964.430931231045,964.454226364052,964.352465858022,964.417708764136,964.455098451952
22.3333333333333,975.348944454957,7.04002629927872E-06,1.44701540917661E-05,1.58735621268641E-05,1.12783885699444E-05,9.05298268570909E-06,1.20845055711423E-05,975.364611854553,975.366476459305,975.387725829481,975.296424638308,975.321021922451,975.381321381517
22.6666666666667,986.405746242235,6.78435499295839E-06,1.40718492249275E-05,1.14556301107007E-05,1.06372836952088E-05,7.97987031828503E-06,9.94533921805449E-06,986.41569118529,986.423213729596,986.442517433381,986.359361890105,986.381221706867,986.428946872218
23,997.586399180696,6.47440606733615E-06,1.35927546159169E-05,1.32144192122014E-05,1.01270879501425E-05,1.73095147768304E-05,8.33938031067046E-06,997.590692330435,997.603692714666,997.621208013116,997.544280752283,997.460505148978,997.600998939332
23.3333333333333,1008.7860861826,6.2614896754816E-06,1.29924504789821E-05,1.1957569843192E-05,9.5584935748176E-06,1.35952563720994E-05,7.6913708295568E-06,1008.78716632157,1008.80311464132,1008.81902844772,1008.74677608591,1008.68805983699,1008.79309555228
23.6666666666667,1020.08690677569,6.33050545692943E-06,1.24388643118635E-05,1.12559882607043E-05,9.06210312482215E-06,1.16175750502378E-05,7.29391745332128E-06,1020.08587961577,1020.10359476721,1020.11810326917,1020.04942389712,1020.00269116387,1020.08772104023
24,1031.39541559813,6.55025931155566E-06,1.19836598910015E-05,1.08643246761497E-05,8.60724505063893E-06,1.08554402762228E-05,7.80272091809262E-06,1031.39297928945,1031.41172276837,1031.42505371863,1031.3592502547,1031.32347278868,1031.39140125755
24.3333333333333,1042.68642112608,6.85417279868159E-06,1.1660081666077E-05,1.06237558723335E-05,8.31635897729654E-06,1.15539597698526E-05,8.37130132232426E-06,1042.68297284972,1042.70234102615,1042.71477315181,1042.65155554704,1042.62551515053,1042.67787767538
24.6666666666667,1053.99402426371,7.16866703697416E-06,1.14088636622743E-05,1.04695067023973E-05,8.06949938906271E-06,1.18282512733949E-05,8.95060674412157E-06,1053.98974762663,1054.00958084919,1054.02146102252,1053.96083274948,1053.94259097663,1053.98031939311
25,1065.29018761897,7.41247456851277E-06,1.12245989132618E-05,1.03704462155658E-05,7.96519152665678E-06,1.13245467061166E-05,9.58071144937925E-06,1065.28520864518,1065.30542938778,1065.31718396895,1065.259163243,1065.24652697183,1065.27147989511
25.3333333333333,1076.50855697322,7.59254271887246E-06,1.11515968643662E-05,1.03169774522296E-05,8.05142828824963E-06,1.0552444708189E-05,1.00000017362642E-05,1076.50301136861,1076.52356808107,1076.53568325799,1076.47995744453,1076.47099276927,1076.4861547575
25.6666666666667,1087.6838861674,7.73422885893041E-06,1.10960559178287E-05,1.040316560836E-05,8.10514818684387E-06,1.0035963817497E-05,1.01944195983714E-05,1087.67787592354,1087.69876263322,1087.7116378199,1087.65758305103,1087.65092281327,1087.65922653644
26,1098.76141818056,7.80982620980916E-06,1.10518477963824E-05,1.05795714268619E-05,8.11364107927175E-06,9.51548568288068E-06,1.02077477265727E-05,1098.75496911626,1098.77627131785,1098.78994300638,1098.73691662308,1098.73176777864,1098.73555743883
26.3333333333333,1109.78751072913,7.84573628373928E-06,1.10380237851511E-05,1.06646804984073E-05,8.26544622574006E-06,9.3030629708792E-06,1.02800915098199E-05,1109.78056687839,1109.80245086232,1109.81625972898,1109.76413299139,1109.76012443743,1109.76112609489
26.6666666666667,1120.72076302906,7.84996391477422E-06,1.10188973194732E-05,1.05785472433905E-05,8.84553702344516E-06,9.23973805380751E-06,1.02950535463429E-05,1120.71321191652,1120.73588834945,1120.74846455427,1120.6978032256,1120.69481447892,1120.69426937956
27,1131.48812899667,7.85462608608787E-06,1.09399576602469E-05,1.03045498496539E-05,9.20456254451219E-06,9.26473994164998E-06,1.023721783256E-05,1131.47985334082,1131.50351512201,1131.51329049452,1131.46494375216,1131.46299535398,1131.4617735604
27.3333333333333,1142.17286277343,7.98759124036203E-06,1.07810413984933E-05,9.89295470335961E-06,9.78832092152963E-06,9.34301154751371E-06,1.02389635237502E-05,1142.16378282063,1142.1885474406,1142.19436885653,1142.14890831575,1142.14811615188,1142.14677851253
27.6666666666667,1152.69606679528,8.10895846642093E-06,1.05480071674129E-05,9.39819392049667E-06,1.0457230647494E-05,9.48501489778381E-06,1.02751357156954E-05,1152.68616080124,1152.71205304969,1152.71343306898,1152.67089484232,1152.67147077812,1152.67032049609
28,1163.08191665123,8.21663709408668E-06,1.03104475020609E-05,8.85825911837681E-06,1.11265621758549E-05,9.67135666789619E-06,1.03146724654755E-05,1163.07121523366,1163.09817296792,1163.09513706428,1163.05517229127,1163.05746484042,1163.05653432606
28.3333333333333,1173.3325634844,8.31142671164991E-06,1.00912603907633E-05,8.29909435184644E-06,1.18805440442159E-05,9.86907901899598E-06,1.03615365752285E-05,1173.32114599398,1173.34903745695,1173.34189182438,1173.3039826408,1173.30855943002,1173.30755552465
28.6666666666667,1183.41850693531,8.39399221733838E-06,9.85490442774169E-06,7.81786739444877E-06,1.27825440937616E-05,1.00895622833862E-05,1.04190577109813E-05,1183.40651056271,1183.43515923987,1183.42432320706,1183.38791755171,1183.39568627826,1183.3938925828
29,1193.31524625544,8.45893903533331E-06,9.59896101032811E-06,7.63202666734927E-06,1.40981609426066E-05,1.02016101941815E-05,1.04867968586482E-05,1193.30288564518,1193.33208389822,1193.31799845511,1193.28260470197,1193.29484366919,1193.29109146018
29.3333333333333,1203.01633623841,8.49744209469284E-06,9.33760564168924E-06,7.50262425032259E-06,1.59462091855354E-05,1.00974655849037E-05,1.05623797270512E-05,1203.00392509659,1203.03346187112,1203.01654889163,1202.9817765249,1202.99973765205,1202.99279941105
29.6666666666667,1212.56770361682,8.51082286881121E-06,9.08511705998634E-06,7.72722207196924E-06,1.84903069172498E-05,9.8893157724274E-06,1.06437993490535E-05,1212.55563661933,1212.58532896907,1212.56596365479,1212.53158629932,1212.55536725395,1212.54505926398
30,1221.91113370123,8.58626799203199E-06,8.84310144051752E-06,7.96414074062477E-06,1.95007520438233E-05,9.76392113411455E-06,1.07390289199792E-05,1221.89972863199,1221.92943983234,1221.90790999654,1221.87398384311,1221.90174742141,1221.88962805254
