Ecms,Cross_sig20,Cross_sig21,Cross_sig22,Cross_sig23,Cross_sig24,Cross_sig25,Cross_sig26,phase_sing_20,phase_trip_20,delta_plus20,delta_minus20,epsi_p20,phase_sing_21,phase_trip_21,delta_plus21,delta_minus21,epsi_p21,phase_sing_22,phase_trip_22,delta_plus22,delta_minus22,epsi_p22,phase_sing_23,phase_trip_23,delta_plus23,delta_minus23,epsi_p23,phase_sing_24,phase_trip_24,delta_plus24,delta_minus24,epsi_p24,phase_sing_25,phase_trip_25,delta_plus25,delta_minus25,epsi_p25,phase_sing_26,phase_trip_26,delta_plus26,delta_minus26,epsi_p26
0.5,1.7054792688347962,2.2941936195230994e-06,1.2509726587950354e-10,0.0,0.0,0.0,1.5584688472093147,-0.003357023177572341,0.010662863390779426,-9.411574939381824e-05,-0.5621723029013588,-0.0019540742332382053,1.9792506511625014e-05,0.00030428649209421886,1.6368774801021404e-07,0.0003679602142263758,-2.2832636634203052e-05,-1.3152508363589189e-06,-1.6525211042815838e-07,-8.654112506234151e-09,1.5649906659322542e-06,1.5376791641266762e-06,5.863027724546259e-09,3.3359347858194334e-09,2.5617914482452048e-11,3.741701426249458e-09,-6.630601894739506e-09,-4.786522449742065e-10,-2.138645444408611e-10,-1.74717521784817e-12,-1.9743320833904908e-10,5.395987622846436e-10,1.520535538012469e-12,8.101430222492878e-13,3.841759862978314e-15,8.141322941738173e-13,-1.6898969501652889e-12,1.0816558701614885,0.0031166705350648785,0.0,0.0,-0.0
1.0,2.8402098822373514,1.915485045911325e-05,9.074081042115267e-09,8.832934383917745e-13,2.930988785010413e-14,0.0,1.6264819016654704,-0.008638429952884531,0.010706998089096679,-0.0004684274649601277,-0.7585407027663029,-0.00471190722629813,0.00010018170171733666,0.0008756437441611958,1.6316312632707176e-06,0.0010544728555584033,-0.00011572155570274425,-1.2559399474636638e-05,-2.7586529759601615e-06,-1.6338725432688563e-07,6.851423157152691e-06,1.4762033484455887e-05,1.1088468933116699e-07,4.8109114301619076e-08,9.67607578406748e-10,5.256208751850936e-08,-1.2573506131415376e-07,-1.7577702722666304e-08,-5.483352259185238e-09,-1.2924069236726155e-10,-5.131854149623885e-09,1.9827819087852496e-08,1.1271429602493638e-10,3.78409749465965e-11,5.748740097413402e-13,3.8006900968774805e-11,-1.2528261557978415e-10,1.123824402185725,0.008349224666677637,0.0,0.0,-0.0
5.0,5.725153548717106,0.0027625577675527424,7.855332227579837e-05,1.486828140606633e-07,6.050508050137182e-08,7.248202038567797e-11,1.5053132093282402,-0.05483871707392031,-0.02376925324621914,-0.012401425986142814,-1.3462525966834464,-0.022032781202627784,0.00278976461003909,0.010148772541564854,0.00019481096570994662,0.012040164826931718,-0.003200413031598152,-0.0011645673075405228,-0.0003936548613413905,-6.76213173294859e-05,7.650388423054106e-05,0.0014299279714892693,4.541645257604142e-05,1.7402407729369033e-05,1.8785406749543156e-06,1.8553000628471904e-05,-5.2663439752533e-05,-2.717850166189063e-05,-6.679831182714873e-06,-9.998809607807403e-07,-6.338240567629934e-06,3.103059384976427e-05,8.815893311587472e-07,1.8544157877023809e-07,2.3339486584708624e-08,1.8616903290476143e-07,-9.850992254536697e-07,1.0455567352183257,0.06391005066057487,0.0,0.0,-0.0
12.0,6.022182178298188,0.034197891113820766,0.0030903130340442786,2.136534087249231e-05,2.109372798786424e-05,1.0624571000761307e-07,1.2584138585733968,-0.11099791718009876,-0.09091099717648603,-0.04922672710336298,1.4315094153320977,0.034674082119865245,0.011559271074445016,0.035291124619938635,0.0014720752045652601,0.04158996468366723,-0.012466954087485674,-0.00692694030275019,-0.002804118630803265,-0.0008463957387635379,0.0006237973351296776,0.009049614147613598,0.0005213428418040226,0.00024699956793536966,4.5703412280623445e-05,0.0002631490939679109,-0.0006256243494468216,-0.0004921374992000372,-0.0001429379979699249,-3.8395092251261664e-05,-0.00013220394024583606,0.0005819114814417347,3.3067282386106076e-05,8.055867740129802e-06,1.965706057750082e-06,8.109530515656563e-06,-3.78048162436733e-05,0.8961489835411731,0.1395913825454393,0.0,0.0,-0.0
15.0,5.876302078845589,0.06140856351763091,0.0066688745455105725,6.145252269451618e-05,7.186191344921156e-05,4.893441376552232e-07,1.1692730416068988,-0.12831540806568845,-0.11572465015300051,-0.06647311125091232,1.3343441489010515,0.03741194154685971,0.015949021949968886,0.04732598683786705,0.002271772179471291,0.05567742867222003,-0.016555136310448616,-0.009977562571637868,-0.004234146085424519,-0.0014731953881784118,0.0013031326709999817,0.013323400225697977,0.0008692489705843735,0.00044700896854319865,9.099663677068399e-05,0.00047799400529982355,-0.0010540002686225695,-0.0008971433615601954,-0.000277851809776035,-8.338266788630381e-05,-0.00025150865714843084,0.0010756856372646146,7.029322281168434e-05,1.822389588441765e-05,5.011516696861907e-06,1.838061385557447e-05,-8.119344762703126e-05,0.8448277674107868,0.159886977692543,0.0,0.0,-0.0
25.0,5.245410608331327,0.2078808607534688,0.030781962709873323,0.0005154434151579679,0.000807855490236431,1.0085380345525863e-05,0.912340502199513,-0.17139877894570796,-0.18372436684996415,-0.12304620357971023,1.1021942939329443,0.0425383047045236,0.03209304061647113,0.08758307056606354,0.005425010123052848,0.10245715421923426,-0.02858687502406185,-0.020188745022265017,-0.009521538753956013,-0.004628075529705878,0.006272698784678013,0.028638242292256234,0.0023892529995035478,0.0015624975539435505,0.0003657165696317077,0.0016821556912987121,-0.00295993995634465,-0.0029045444405529993,-0.0010438838234051687,-0.00039915375494411473,-0.0008956601461527728,0.0036216902579539307,0.0003102567938165618,9.574562779418602e-05,3.2922827044905116e-05,9.690753299841572e-05,-0.0003687812598658369,0.7052919052303571,0.19071738698375587,0.0,0.0,-0.0
30.0,4.943720639636799,0.30592868352059543,0.04967230539522349,0.0010112117039398072,0.0016959592894330022,2.5589802751024848e-05,0.801031443376182,-0.18800497263056745,-0.21094851376765486,-0.1499555946369076,1.0152857453373434,0.04395029680391624,0.040878947874126506,0.10653384333358938,0.007116885478645449,0.12424091119266728,-0.03349556612573833,-0.02491651330619725,-0.012173461812668956,-0.006701610250270213,0.010407779839485315,0.03624559790622921,0.0032686683370832556,0.0023653440303124814,0.0005665008557207936,0.00255461265339797,-0.004065266256616844,-0.00414238211324335,-0.0015775772302830595,-0.0006539591105738321,-0.0013177173842546335,0.005257266804753425,0.00048824460798427575,0.00016135983203939533,5.933736782455663e-05,0.00016430030014545917,-0.0005870660419079292,0.6477975400264911,0.19192736652837322,0.0,0.0,-0.0
40.0,4.42794214694278,0.5284250363649812,0.10013996778600287,0.0027317141876697093,0.00485962723055966,9.633633780703477e-05,0.6071820042909017,-0.2160984190432522,-0.25505881878373343,-0.20072847821106668,0.8728995307155722,0.04557141532301607,0.05958806859969224,0.14050122652014072,0.010502430655561178,0.16277796228018046,-0.04124184343587448,-0.03336259525305985,-0.017152538860142612,-0.01158120277039327,0.021907755971368348,0.050693056630206304,0.005128016611662982,0.004450553057716487,0.0010672104243767396,0.004812197389556179,-0.006378287131684101,-0.006826534570416861,-0.0028534713154460085,-0.0013390460644540389,-0.0022564257942371767,0.008923845487279118,0.0009268144728903604,0.0003471746125361663,0.00013861038281252907,0.00035532733295218596,-0.0011358461419376244,0.5488204743076972,0.17825474809598427,0.0,0.0,-0.0
55.0,3.869960945849284,0.8733773403646783,0.20773927020042926,0.006198456842087197,0.01622843474691482,0.0003279496953303429,0.38146955491239876,-0.2513985105882478,-0.30104853195041453,-0.270298335872253,0.7068342357489228,0.045838598498246175,0.08957893785342838,0.1806086687828513,0.01528611913168554,0.20713900119527984,-0.04869316638870322,-0.043744471274615164,-0.023545927979978534,-0.020224241747830315,0.04665191975543197,0.07010506418335548,0.0022303175230317007,0.007292044566596925,0.0019988660337427852,0.009437471235912064,-0.00982776396984697,-0.015738335348381025,-0.005297830402190212,-0.002732201227535636,-0.00368771612345338,0.014847442544964987,0.0014813302811057096,0.0007371155833022584,0.00031896528315020217,0.0007726798268555893,-0.0021421079054316514,0.42808267850342097,0.13608145710758135,0.0,0.0,-0.0
65.0,3.6182305183636148,1.0844307723598168,0.30336654881056413,0.01297811790789094,0.021515655612289297,0.0006361271277524061,0.26941240277766454,-0.27259503100989557,-0.3211677968644479,-0.3131573560860953,0.6158783685970416,0.04476779243329143,0.1101146185986989,0.20053462779893005,0.01812957002866126,0.2284996678442371,-0.05161223597138836,-0.049436098208265056,-0.027058493575653812,-0.02661521927017871,0.06765636562041531,0.08159658236961286,0.009963614706015478,0.012157283116137894,0.0027035602368398618,0.013338036789704459,-0.012016666924652121,-0.013728117789058435,-0.006661563201454953,-0.003853194350660575,-0.004552569820029227,0.018837430195616497,0.002278481472354172,0.0010876535038568723,0.00047445605744110824,0.0011298540575993945,-0.0028801276796015665,0.36063708610978956,0.10111116866097725,0.0,0.0,-0.0
70.0,3.522303615482559,1.180896266408169,0.35943291064545857,0.016604258426831997,0.026063775159110847,0.0008224724117602555,0.22358938840921683,-0.28277487256463535,-0.32860644336578443,-0.3337190185656488,0.574667487934045,0.04387380356045155,0.12035694271308195,0.20869024549947965,0.01941710560793289,0.2370489829530128,-0.05260872806382994,-0.05198360989394083,-0.028592598905959384,-0.029958732160168335,0.07938186503715843,0.08694129238551236,0.01117118615416123,0.01433489670853052,0.0030744972354819753,0.015535148266192985,-0.013067455098037088,-0.014808511886538442,-0.007417421814738596,-0.0044603391855456654,-0.0049416450020872155,0.020811967354373177,0.0025784126869580794,0.001283787938215488,0.0005612865741638319,0.00133027326410057,-0.0032597974830772133,0.3299718266467751,0.08260501937959719,0.0,0.0,-0.0
85.0,3.334520123063137,1.4298127423683504,0.5655532524523923,0.030609251915934,0.04252677405340055,0.001547746323586896,0.12178699846874563,-0.31219838661965926,-0.34214150157721707,-0.39248335580636695,0.4642542066148908,0.03977766648962565,0.15033135416786783,0.22698985202042485,0.022638759402556836,0.2555652464844594,-0.054187684041376354,-0.058658198430853396,-0.032307132184884006,-0.04048740529093102,0.11890754878482587,0.10148533986817963,0.014167888568212305,0.020812555732936583,0.0042446636099471415,0.023129287750354385,-0.016033678212717197,-0.01863427606157528,-0.009797936769684653,-0.0064334109052398706,-0.0058964708032827355,0.02659073180918165,0.0034663979465741784,0.0019273289978228424,0.0008528757114831525,0.0020132323678634756,-0.004416907849148532,0.24801221320645672,0.025188092407605056,0.0,0.0,-0.0
90.0,3.3008470175460314,1.4992399968138814,0.6481310934488178,0.03353819046277984,0.05028453652297227,0.0018197797105714564,0.09839195893019603,-0.32172660843901174,-0.34414438881760284,-0.4112176538719453,0.4311107440860977,0.037946705169609435,0.15991873052020036,0.23131451713491025,0.02346747039871755,0.2597179145276832,-0.05433623057025857,-0.06061182971878222,-0.033244516253466645,-0.04414566309906637,0.1333695514280829,0.10586049408981217,0.01264405463566426,0.020765111945197125,0.00465001649895433,0.026000685262461423,-0.016959062883617527,-0.021523736472212403,-0.010707708587157291,-0.007133566303761,-0.006136649431880707,0.028459222871136506,0.0036364342332523233,0.002134459561147613,0.0009591840292267721,0.0022669298949696223,-0.004803832120058094,0.22358399712134971,0.00579975781464809,0.0,0.0,-0.0
100.0,3.270561219305128,1.6186366646007389,0.8357719383059066,0.053561583540393976,0.061407653756965885,0.002544267048696369,0.06516966902297572,-0.34046421927447235,-0.3450758895962051,-0.4475735540274679,0.3693415165959451,0.033598515758937804,0.178264397219002,0.23775570193662415,0.024713664945955727,0.26555603961599916,-0.05419544309792244,-0.06418839021459807,-0.03465010560593013,-0.051664341112298395,0.16390788415264998,0.11392849804361187,0.01783775057275057,0.029786263552869747,0.005478458423453168,0.03226643913491351,-0.01871652227081998,-0.02171472329971981,-0.011997713947128417,-0.008585392731658516,-0.00649078783617534,0.03210129934597378,0.004388199859188932,0.0026775258375700307,0.0011835659182938944,0.0028117951885117272,-0.0055733857061777,0.17843515944025484,-0.032902846713707024,0.0,0.0,-0.0
120.0,3.3364768018699,1.7863434499862296,1.303094316312654,0.0972803379077356,0.09048886219169372,0.004303194412609734,0.043872566904179955,-0.37689122304068795,-0.3375511097353397,-0.516380713143877,0.260814891667953,0.02221646923278921,0.21093991364024747,0.24354879998768836,0.02539788834166348,0.26946034846195877,-0.052571522119570384,-0.07029147873196649,-0.035451749381364826,-0.0674435575578606,0.22980874699140658,0.1273882635859698,0.02220369927812374,0.04131217193646196,0.00718735015406068,0.046917866723684094,-0.021872831954662515,-0.025957414824526574,-0.014812308827181188,-0.011650748965511425,-0.006667657102889048,0.03900022052520055,0.005605112040143491,0.003837825922851602,0.0016724478109515475,0.0040472014850630525,-0.007077720503797915,0.10084214658291407,-0.10884984520555302,0.0,0.0,-0.0
135.0,3.477800733771142,1.8580540133716816,1.7286173205591453,0.1547394428052442,0.11311188346793344,0.00598646957454152,0.05856910883448796,-0.4034112039396654,-0.3266530354755397,-0.5650053852988283,0.19013514056368033,0.011406989686185356,0.23148047874770109,0.24325956515852834,0.02419611002510882,0.2674311732144859,-0.050501948366764166,-0.07419114578038348,-0.03410946219817581,-0.07985959916587693,0.28150136746426796,0.13515780454458268,0.02694308978425587,0.05556864488574931,0.00849564434844753,0.05980045696442308,-0.023944583931093652,-0.028061969269895095,-0.016572152911197003,-0.014051949728659585,-0.0063139539798930805,0.04385026472761601,0.006582228337690715,0.0048339905704083445,0.002068119586670804,0.005099516529313547,-0.008163368538811723,0.05195299621302342,-0.16378921206068148,0.0,0.0,-0.0
150.0,3.6836968818603375,1.8909430554213813,2.20440293984025,0.22237946211726767,0.13773001104314986,0.007975483963629237,0.09260557607884756,-0.42927189495342993,-0.3136714057970257,-0.6113548598980149,0.12707204185209928,-0.001271762743235645,0.24849767237298842,0.2401199710396199,0.02146149125901829,0.26244018297091004,-0.04790547671006022,-0.07768477229548272,-0.03090654852227599,-0.09269829336846507,0.33324197959621893,0.1409527697132647,0.030711931710943774,0.06698927615314663,0.009809853959503553,0.07431994054223368,-0.025779552521359876,-0.03056804698093577,-0.018284514442730392,-0.01651260233811331,-0.005527910820697477,0.048446006416292375,0.0075280948253911295,0.005933242652407045,0.002484350421752341,0.006260968735970138,-0.009206414657597937,0.009758896777398732,-0.21665028485409704,0.0,0.0,-0.0
