Ecms1,phase_sing_20e,phase_trip_20e,delta_plus20e,delta_minus20e,epsi_p20e,phase_sing_21e,phase_trip_21e,delta_plus21e,delta_minus21e,epsi_p21e,phase_sing_22e,phase_trip_22e,delta_plus22e,delta_minus22e,epsi_p22e,phase_sing_23e,phase_trip_23e,delta_plus23e,delta_minus23e,epsi_p23e,phase_sing_24e,phase_trip_24e,delta_plus24e,delta_minus24e,epsi_p24e,phase_sing_25e,phase_trip_25e,delta_plus25e,delta_minus25e,epsi_p25e,phase_sing_26e,phase_trip_26e,delta_plus26e,delta_minus26e,epsi_p26e
0.001,-3.3273117222085373e-07,0.0006367959735698587,-1.9418287307182683e-11,-0.02658041420662379,-2.0963547425669438e-07,3.984150968997347e-12,2.659615626724779e-08,9.493995987415698e-17,3.233394183576775e-08,-4.5881570434029345e-12,-8.295432646545653e-16,4.846488812050234e-14,-9.685640455220406e-21,3.639277212977462e-13,9.478580376923217e-16,6.610478103862791e-21,-2.144923514280942e-18,4.56417096454791e-26,-1.9968125119402473e-18,-7.7428356614461e-21,-7.05686291888911e-25,-5.75708417327947e-22,-4.4745474200700035e-30,-5.60705987745591e-22,8.372603642782601e-25,3.6632670667463734e-30,4.17826263436681e-27,1.8072024315568861e-35,4.2353517622369484e-27,-4.193723319084851e-30,0.11533023263042393,2.94939576437364e-07,0.0,0.0,0.0
0.05,-0.00011641048571108422,0.004383808103635608,-3.3821869381791343e-07,-0.18683668754311508,-7.271639701388778e-05,6.95943922056296e-08,9.427353208715478e-06,5.830654434318864e-11,1.1454482931499902e-05,-8.016220225912426e-08,-4.879056930070488e-10,7.01955874099707e-10,-3.4026262348541256e-13,6.26819139357568e-09,5.677350126793959e-10,2.8842596839870417e-13,6.747893347052892e-13,9.934220438323966e-17,8.061062756196967e-13,-3.3783006386836087e-13,-1.5328657189225864e-15,-2.5306735771210546e-14,-4.86189284629885e-19,-2.4738112779503617e-14,1.8187636078032935e-15,3.9664920448540585e-19,9.198077841548838e-18,9.766286199229509e-23,9.217101211196832e-18,-4.544716273981991e-19,0.6684068812846432,0.00010369002915487677,0.0,0.0,0.0
1.0,-0.008638444394170323,0.010706997823217353,-0.00046843604542636045,-0.7585461326840041,-0.004711999667191463,0.00010016670457738884,0.0008756430103109161,1.6316779037239173e-06,0.0010544747501494093,-0.00011572074345959305,-1.2559509987653463e-05,-2.7591045592998316e-06,-1.6338579028147777e-07,6.852234305338044e-06,1.4761901818630357e-05,1.1091856785180646e-07,4.8098673010379156e-08,9.664984164238574e-10,5.253659352648792e-08,-1.2559095744289474e-07,-1.7577845796239486e-08,-5.504995960219635e-09,-1.292394534877115e-10,-5.131842291115482e-09,1.982762883958519e-08,1.1271411875955706e-10,3.778558423337576e-11,3.693908117684604e-13,3.8006722041168754e-11,-1.2528254280703415e-10,1.1238151126579259,0.008349235663597373,0.0,0.0,0.0
2.0,-0.02063744920641871,0.004980700314006142,-0.0021169025785262897,-0.9938779010910976,-0.010155335241457153,0.0004624127897436062,0.0025322063922562314,1.4543201593707777e-05,0.003031049086229484,-0.0005347656375613042,-0.00010363515857177269,-2.8693656566740803e-05,-2.624401443281883e-06,2.3783911126794887e-05,0.0001231609378362888,1.784968440686343e-06,6.766807974993989e-07,3.088161874782965e-08,7.240705032118675e-07,-2.0323657800545453e-06,-5.302160416979853e-07,-1.3483080189345455e-07,-7.871576822601584e-09,-1.2709539426837798e-07,5.991712905543335e-07,6.891922472660388e-09,1.6762869822165177e-09,7.141751976908086e-11,1.6853403858282897e-09,-7.664768059096827e-09,1.120331049693044,0.021304012391302633,0.0,0.0,0.0
5.0,-0.05483881491527681,-0.02376926485399439,-0.012401418677990122,-1.3462768822927056,-0.022032723670327086,0.0027892809616558148,0.010148719313696054,0.0001948099651511425,0.012040429343397921,-0.0032003784658311265,-0.0011646116403144138,-0.00039365963698224726,-6.762072536739772e-05,7.655337724387939e-05,0.0014299145878499879,4.54379051517441e-05,1.755631553646562e-05,1.8785542286563225e-06,1.8552986055768658e-05,-5.266382156838312e-05,-2.7178855567889315e-05,-6.712842572982537e-06,-9.99866017434622e-07,-6.338196718190237e-06,3.103012936605359e-05,8.815871295858394e-07,1.8511400499518254e-07,2.3339464199157673e-08,1.861689064255015e-07,-9.850982815647617e-07,1.0455376089068,0.06390991686559797,0.0,0.0,0.0
8.0,-0.0823680632728807,-0.05401257870431149,-0.027059523028066166,-1.5385482044517829,-0.029056304416736855,0.006196452173673392,0.02012596324251092,0.0006141348155120007,0.023787038385243833,-0.0069647750095184965,-0.003251593131249636,-0.001209428210221478,-0.00028205920227486816,0.0001819264286581321,0.004109342379773405,0.0001836234104529947,7.751828045059787e-05,1.1482280583806367e-05,8.197298805956779e-05,-0.00021632099238560706,-0.00014350308585727383,-3.828352777248543e-05,-8.047784658717115e-06,-3.579345603161608e-05,0.00016627285591731272,7.07082118642817e-06,1.5653047239383623e-06,2.9497837627471364e-07,1.5761246308941214e-06,-7.970303830684558e-06,0.9752740383329144,0.10149854633557664,0.0,0.0,0.0
11.0,-0.10452463876677906,-0.0821045119844985,-0.043545935633346244,1.468792286779236,0.033531049013529136,0.010157280724199289,0.03137282900925314,0.0012317066220943209,0.036995920002522095,-0.01108189051999678,-0.005949672503464521,-0.0023647531816264563,-0.0006754235070229442,0.0004690901428651818,0.007712279167402848,0.0004223468041163866,0.00019492691308386635,3.446350144312226e-05,0.00020673974568811312,-0.0005043737851897699,-0.0003836472753694406,-0.00010987620320677834,-2.7931013950881683e-05,-0.00010138414480093186,0.00045138827474833486,2.4205302533921583e-05,5.7521209123390495e-06,1.3377018328781269e-06,5.801211494741739e-06,-2.757472189404089e-05,0.9146165369047697,0.13132455830903353,0.0,0.0,0.0
14.0,-0.12285749136290482,-0.10771323480050442,-0.06070740086951082,1.3645820881748159,0.03659552995542582,0.014457296581076633,0.043280262799561396,0.0019936677486544208,0.0509469729461776,-0.015208296467033044,-0.008947245974551576,-0.0037419555776529584,-0.0012458062578552306,0.0010390190177282277,0.01186353192163714,0.0007463093687311877,0.0003747046579522682,7.394432393359236e-05,0.0003987531580401879,-0.0009012702387095515,-0.0007495453393607947,-0.0002280264775603654,-6.600824594584168e-05,-0.00020734693667295357,0.0008946027010034621,5.60645678537834e-05,1.4213319752660257e-05,3.78112267283621e-06,1.4360861574542587e-05,-6.454314447118768e-05,0.861278397343676,0.15382914057237393,0.0,0.0,0.0
17.0,-0.13844250244177803,-0.13101815906430314,-0.07799437269720236,1.2787765660689967,0.03881741126332223,0.01900583420523175,0.05546437542719606,0.0028559705483375115,0.0651816915675319,-0.019182569369022403,-0.01205521498522723,-0.005252576207904492,-0.001980593709952209,0.0019529037991430807,0.016315618616014705,0.0011368693648322345,0.000617544086804407,0.00013098931347088277,0.0006592909716005756,-0.001385422377619006,-0.0012268844707710674,-0.00039347453670933496,-0.00012564784561536557,-0.0003523357076367926,0.0014838323503110916,0.00010428156228573315,2.8017056157579898e-05,8.213832835757069e-06,2.836312633152217e-05,-0.00012122394368321435,0.8134998507546671,0.1700833811875212,0.0,0.0,0.0
20.0,-0.15200484240220258,-0.15226831400452098,-0.09513534677362556,1.205434954020872,0.040499474337134134,0.023761419878471753,0.06766706494873008,0.0037859408850134256,0.0793903247171902,-0.022928860614478717,-0.01516356849707634,-0.006834701403213783,-0.0028644919446795545,0.0032441240078715573,0.020911328919986073,0.0015773452456316905,0.0009223410179847576,0.00020542409670778932,0.0009877056378298948,-0.0019366500286389886,-0.001797168078883357,-0.0006038934495589714,-0.0002084822892999708,-0.0005322506199915386,0.002199995881021538,0.0001688641677671211,4.784332886017466e-05,1.5107689122707973e-05,4.8532143197147034e-05,-0.0001980605571413958,0.7700842410644594,0.18117809521283607,0.0,0.0,0.0
23.0,-0.1640431927885788,-0.17169305478237368,-0.11199565094175741,1.1411174455028277,0.041813466865181455,0.028702208618840003,0.07970857703368887,0.004759988464554124,0.09335735908155535,-0.026414142950950386,-0.018210077686160137,-0.00844591068352439,-0.0038822768474681595,0.0049286914858455875,0.025551803900567587,0.0020560223510252976,0.0012879893206888086,0.0002964166591550149,0.0013826463372222707,-0.0025380134157459984,-0.002440768850653573,-0.0008553618489794861,-0.00031502429076917004,-0.0007419479696444314,0.003023038750993504,0.00024893677254457205,7.407387256518555e-05,2.479754198682557e-05,7.529296202076453e-05,-0.00029437151659221657,0.7301994103193598,0.18806548335568785,0.0,0.0,0.0
26.0,-0.17490989550418248,-0.18948699182083442,-0.12851162506661531,1.0836532830291141,0.04286129396200128,0.03381389417360996,0.09146175660465353,0.005761129266234335,0.10693142764165191,-0.029628021320999804,-0.021160617935111526,-0.010057348203294177,-0.005019916714552081,0.00701212209268139,0.03017469514763342,0.002559865655180797,0.0017118578303458151,0.0004028207589719508,0.0018426091671845913,-0.0031759426310058662,-0.0031447549044451733,-0.001143902401557481,-0.0004450914737811438,-0.0009761129833760072,0.003934057774444655,0.0003431275567882189,0.00010687645487552277,3.750180372893165e-05,0.00010885847126206982,-0.0004088727622868092,0.6932453781949074,0.19153369960266184,0.0,0.0,0.0
29.0,-0.18486004946824036,-0.20581203197553063,-0.14465787827621396,1.03158376316923,0.043705613786217776,0.03908466692451307,0.10283666359137937,0.006777035469249898,0.12000698799851889,-0.03257251462675636,-0.02399761942730925,-0.011649466223116833,-0.006264840891513947,0.009493695884291338,0.03474064958355447,0.0030893881302989715,0.0021952968133634727,0.0005233839097202979,0.002366175161870683,-0.0038397586327992735,-0.00388656554713083,-0.001464292153755067,-0.0005980426389717799,-0.0012296887535802894,0.0049164444858606155,0.00045006084063936764,0.00014628883021360094,5.3346615856593296e-05,0.00014929634735903993,-0.0005399684149962492,0.6587747528949162,0.1922216130339863,0.0,0.0,0.0
32.0,-0.1940825351313304,-0.22080294956155014,-0.16042995358887704,0.9838805894543105,0.04438619774385368,0.044503085083348604,0.11377064326765775,0.0077986314781037765,0.13251227627768528,-0.035256495287795134,-0.026713542247657856,-0.013209129967961305,-0.007605899059701495,0.012368996859946324,0.03922524866502106,0.0036302764570774544,0.002733640153652026,0.0006568608989352971,0.0029521021383509655,-0.004521090998972566,-0.004665019343951439,-0.0018134365055164463,-0.0007729776144328936,-0.0014980665644472625,0.00595610274252426,0.0005680525216999723,0.0001922376374367065,7.238393552917271e-05,0.00019657804734276145,-0.0006859647473946346,0.6264441435416102,0.19064334381436635,0.0,0.0,0.0
35.0,-0.20271999782769015,-0.23457283934086368,-0.1758348486017727,0.9397910482896037,0.04492883363612336,0.05005727005955852,0.12422152904993529,0.00881909464324608,0.14440092071764563,-0.037692554132870176,-0.029306842503868648,-0.014727628141498845,-0.009033295719869593,0.01563143973350246,0.043613748002860796,0.004187350823953304,0.003330405380377669,0.0008020675908640269,0.003599352688222971,-0.005213400807637886,-0.005461347042836305,-0.0021862362506418704,-0.0009688785171090602,-0.0017771399250320185,0.0070411169172569996,0.0006958579904127986,0.000244618723664223,9.460964616760488e-05,0.00025061380700055547,-0.0008452051103810665,0.595983502460824,0.18721229063632175,0.0,0.0,0.0
38.0,-0.21088189810138935,-0.24721759076333613,-0.19088571114394867,0.8987471292187063,0.045350458675693546,0.055734697399533475,0.1341627697589821,0.009833149158938457,0.15564584042425336,-0.03989516974659684,-0.03177944180448304,-0.01619929330014648,-0.010538473674999722,0.019273209718274127,0.0478976298811606,0.004751070947595432,0.003979994982800448,0.0009579070254741621,0.004307092597507899,-0.00591159009664915,-0.006275157113730136,-0.0025804280039854353,-0.0011846737074920999,-0.002063294847398386,0.008161469806572947,0.0008320113580624395,0.0003032654487613532,0.00011998067432912336,0.0003112763952417437,-0.0010161229073112185,0.5671760600694851,0.182261672995633,0.0,0.0,0.0
41.0,-0.21865338396930425,-0.2588194285125441,-0.20559875536914093,0.8603093049583805,0.04566236279169877,0.06152222011895493,0.143579805807139,0.010836576349731588,0.16623465804899606,-0.04187958050053625,-0.03413527020022852,-0.01762055460535091,-0.012113952792707501,0.023285823665781313,0.05207249337714584,0.005290430582380691,0.004666217479394647,0.0011233810248053773,0.00507467502199554,-0.006611673961632572,-0.0071387904836262344,-0.002997073104154928,-0.0014192717913039219,-0.0023533765156447234,0.009308850768014146,0.000974422382684294,0.00036793361360574177,0.0001484271365112482,0.000378416980103751,-0.0011972609563798016,0.5398447396232903,0.17606120650306356,0.0,0.0,0.0
44.0,-0.22610153931240692,-0.2694496991472265,-0.21999143215951839,0.8241302462413361,0.04587219264525018,0.06740618557849104,0.15246730362828978,0.011825876569427782,0.17616617657121825,-0.04366107831559083,-0.03637940707926997,-0.018989282168974084,-0.013753191186080538,0.02766044678789665,0.056136703186828674,0.005904179548075963,0.005447191066681992,0.0012975906552703186,0.0059016199581917225,-0.007310527774981343,-0.007920476480302956,-0.0034179489711992027,-0.0016715961004167596,-0.0026446453859741976,0.010476398109929971,0.001125129275915826,0.0004387098715421005,0.00017986009601232055,0.00045187602586496965,-0.0013872875653880103,0.5138426979982849,0.16883031120443953,0.0,0.0,0.0
47.0,-0.23327980694386036,-0.2791710364727823,-0.23408136856633516,0.7899305518759355,0.045985163932349894,0.07337259592312714,0.16082700890786172,0.012798033573131676,0.18544763740439107,-0.045254580297542236,-0.03851749605444681,-0.02030432073476914,-0.015450482671251955,0.0323880702361856,0.06009041571716443,0.0064872882184474935,0.006259148472065377,0.0014797300256097314,0.006787593770555674,-0.008005703881078833,-0.008747071074594031,-0.003856922883482771,-0.0019406105328493638,-0.0029347279740221414,0.011658407816923668,0.0012800246680778125,0.0005151439073105091,0.00021417775020094292,0.0005314907762017628,-0.001585004484885068,0.4890465754696467,0.16074844916296627,0.0,0.0,0.0
50.0,-0.24023113651295616,-0.2880390346107577,-0.2478857715191881,0.7574820012148137,0.04600482962611509,0.0794072757339226,0.1686660594247288,0.013750351427542783,0.1940925673005891,-0.04667437445984889,-0.04055535080385216,-0.021565155250500095,-0.017200861259692488,0.03745961067102015,0.06393489012721769,0.007044073689535241,0.007100370954029966,0.0016690783910635674,0.007732389854823113,-0.008695291230579705,-0.009609428567790406,-0.004311235048592129,-0.0022253273573634535,-0.0032215686635461934,0.012850116475367207,0.0014382686790097056,0.0005970473128671451,0.0002512710126015932,0.0006171001312774635,-0.0017893402008895903,0.46535156279879003,0.15196319210742593,0.0,0.0,0.0
53.0,-0.2469902971954689,-0.29610355990241793,-0.2614210923680037,0.7265956837466875,0.04593362163436574,0.08549602254157493,0.17599564733069295,0.014680345293668566,0.20211907917336086,-0.04793396869099235,-0.042498736784183186,-0.02277167497969686,-0.019000002508084292,0.04286595558873878,0.06767205575693784,0.007676612707111547,0.00805652470912327,0.0018649925715887694,0.00873591058937653,-0.009377800143646172,-0.010382915130701697,-0.004760946662751321,-0.002524805520495427,-0.003503387215359866,0.014047567111302579,0.0016029534994809877,0.0006846311102591797,0.0002910277540629701,0.0007085476846753761,-0.0019993359970950533,0.44266771809911576,0.14259653272725142,0.0,0.0,0.0
56.0,-0.25358563600664563,-0.30340979969829834,-0.27470284169687204,0.6971133959030786,0.045773238040408455,0.09162473605766609,0.18282995393773918,0.015585670825787403,0.20954853076053315,-0.04904600793963799,-0.04435326688357819,-0.023924008501241194,-0.020844136175938912,0.04859796807821395,0.07130424526668805,0.008278100399313901,0.009030907967083678,0.002066899304927828,0.009798151049941695,-0.010052070244256243,-0.011188996779303025,-0.005223795203610542,-0.002838151017156911,-0.003778642369987652,0.015247495994914026,0.0017696164599644197,0.0007773583418936867,0.00033333533316489,0.0008056836385625879,-0.002214134646962347,0.4209171694515083,0.1327498383957629,0.0,0.0,0.0
59.0,-0.26004042184182646,-0.3099991045645436,-0.2877455047552708,0.668901285374106,0.04552489453683108,0.09777953174933857,0.18918530131035977,0.016464079309388004,0.2164044690090919,-0.05002224319466055,-0.046124337532043466,-0.025022406166328857,-0.02272997916288569,0.0546464680836332,0.07483399814637828,0.008874660320862107,0.01005043661340898,0.002274287220492611,0.010919184838449657,-0.010717202001184891,-0.011997767076398085,-0.005692801359125194,-0.0031645205605449023,-0.004045999659412027,0.01644720857827262,0.001938635239661424,0.0008751722016714194,0.0003780820539600552,0.0009083660324543162,-0.002432973237328059,0.40003196039410105,0.12250775087550238,0.0,0.0,0.0
62.0,-0.26637386081977193,-0.31590966067198506,-0.3005625272510407,0.6418450714956904,0.04518947572788928,0.10394684121114729,0.1950794776969703,0.01731338977460528,0.22271180294735432,-0.050873537480742935,-0.047817076412643045,-0.02606715492316501,-0.02465468132398588,0.06100220524207963,0.07826390068638679,0.00726716404352777,0.0100977193722714,0.0024866990499199174,0.012099151828697039,-0.011372506295043227,-0.014710823475585494,-0.0063141776798815935,-0.003503123194708122,-0.004304302349592301,0.017644464048351207,0.0020185408280453056,0.000971825589928846,0.00042515835349320695,0.0010164614533349288,-0.002655175937279523,0.37995236747780364,0.11194126896901116,0.0,0.0,0.0
65.0,-0.2726018675375461,-0.32117702742411175,-0.3131663425667065,0.6158463897475918,0.044767635629105317,0.11011349723741054,0.20053120249681733,0.018131473200519884,0.228496159109638,-0.05160989348021772,-0.049436311026241464,-0.02705851785674417,-0.02661577368156662,0.06765582957752343,0.08159647285588954,0.010121672201575073,0.012302855795219163,0.002703724823095293,0.013338247363325714,-0.01201746410663996,-0.013548527234711968,-0.006631893407778182,-0.0038532172340855885,-0.00455254591810099,0.018837393523700834,0.0022848391749828952,0.0010858054242059252,0.00047445794887528766,0.0011298453207869382,-0.0028801442781976024,0.36062556739266216,0.10111020055580776,0.0,0.0,0.0
68.0,-0.2787376703968119,-0.3258345736082034,-0.32556841693392535,0.5908199540910426,0.04425987893899851,0.11626680235151314,0.2055597036020994,0.018916245719318943,0.23378338328174833,-0.05224049200867881,-0.05098656665142035,-0.02799669356870411,-0.02861111734481481,0.0745978597548711,0.0848341069144541,0.010744056244109275,0.013492782146483846,0.002924996169850342,0.014636712602658565,-0.01265169208931675,-0.014313113530970412,-0.0071054017175783074,-0.00421410510857813,-0.004789856629099123,0.020024449387729345,0.0024602944189150698,0.0011983086184492657,0.0005258787086545454,0.0012484018815161748,-0.0031073465904234527,0.3420045672319189,0.090065126769265,0.0,0.0,0.0
71.0,-0.2847923015760317,-0.3299138363508203,-0.3377793009363875,0.5666913272831865,0.04366662747435286,0.12239458304948393,0.2101843858651071,0.01966566796320314,0.23859916004377432,-0.05277373696668447,-0.052472083473290555,-0.028881790316253424,-0.030638858023596813,0.08181864860276557,0.08797903924619956,0.011357780000832714,0.014717870899545992,0.003150181332438959,0.01599482596568908,-0.013274914038426861,-0.01508063049615173,-0.0075811865682908,-0.0045851297382324355,-0.005015473825998187,0.02120436498240307,0.0026365050675895077,0.0013153971340345494,0.000579323052139377,0.0013720240579454626,-0.0033363093550080585,0.32404733747241254,0.07884898453316515,0.0,0.0,0.0
74.0,-0.2907749939598266,-0.333444816560446,-0.34980868524519254,0.5433951509130409,0.04298826490786637,0.12848523340855,0.21442457377731636,0.020377747879883983,0.24296872705481068,-0.05321730550299357,-0.05389683522735083,-0.02971380993529775,-0.032697389249270646,0.0893083486833309,0.09103333142028261,0.009206870998280865,0.011761254116111852,0.0033789805286676563,0.01741289563996811,-0.013886939092600617,-0.023526417798205947,-0.00924321262838458,-0.004965673257385187,-0.0052287348314686245,0.0223761105420215,0.0026363495207170884,0.001399915518166772,0.0006346979757674714,0.0015006132375001984,-0.0035666112507449703,0.3067161039560378,0.06749834698668856,0.0,0.0,0.0
77.0,-0.2966934960881568,-0.3364562189981185,-0.36166546076758255,0.5208737262804278,0.042225159251768014,0.13452775021552024,0.21829931442401887,0.021050545139889482,0.2469166649633148,-0.05357820160427504,-0.05526454087176655,-0.03049263810224397,-0.03478532218190457,0.09705688182009001,0.0939988507884743,0.012665505785318094,0.01744627918119657,0.0036111216378805987,0.018891253022114748,-0.014487645756244632,-0.01653069531481887,-0.008517319880899828,-0.005355156296160986,-0.005429061511271717,0.023538847728725748,0.002994863140090695,0.0015633376699502885,0.0006919149689311847,0.0016340790204271496,-0.0037978785699161995,0.28997676528397354,0.056044463686956515,0.0,0.0,0.0
80.0,-0.30255431931369975,-0.3389756449609001,-0.3733577810355921,0.49907586448131624,0.041377672121847356,0.14051175978234828,0.22182722904266602,0.021682176260198433,0.2504667471443092,-0.05386281011394636,-0.05657867300939031,-0.03121803935765588,-0.0369014577390868,0.10505391460130402,0.09687725586399329,0.013321943951592755,0.018862065958982186,0.0038463563865909906,0.02043024687253322,-0.015076969436519663,-0.017234493563412105,-0.00898417026226556,-0.005753036006626609,-0.005615948243053084,0.02469189266150042,0.0031753703002057546,0.0016940967826599988,0.0007508899951757439,0.001772338918534537,-0.004029780434467272,0.27379840905205705,0.04451411020108842,0.0,0.0,0.0
83.0,-0.3083629357550441,-0.34102974668770747,-0.38489312278517457,0.4779559449655771,0.04044616550649495,0.14642753612330103,0.2250264035542444,0.022270820160657553,0.25364183653599737,-0.054076948470217955,-0.05784247026841674,-0.031889656274675666,-0.039044758910887434,0.11328883932502497,0.09966999406085343,0.01396987380947158,0.020313304618609345,0.0040844571419086356,0.022030238009846253,-0.015654891573767662,-0.017941771271848848,-0.009450077917225115,-0.006158802741953564,-0.005788951497057054,0.025834692248977005,0.00335584762655926,0.0018290851857066205,0.0008115435284573968,0.0019153180132157849,-0.004262023452318407,0.2581529063312631,0.03293028654615948,0.0,0.0,0.0
86.0,-0.3141239432162234,-0.3426443518026467,-0.3962783416370895,0.4574731380806041,0.03943101077343809,0.15226601104169038,0.22791431031454454,0.022814723921882715,0.2564638195175024,-0.05422591502126033,-0.059058955808391905,-0.032507012077617,-0.041214324259533364,0.12175075898328455,0.10237831190451505,0.014564994492326809,0.021703945895273906,0.004325214230434194,0.023691594470608698,-0.01622142985448857,-0.018689819325456488,-0.00992240655616713,-0.0065719766397983465,-0.005947681162612103,0.026966809818326182,0.003534046050211087,0.001967988231099135,0.0008738005336033765,0.0020629486023128808,-0.004494346571634801,0.24301456910037258,0.021312794881727805,0.0,0.0,0.0
89.0,-0.31984120574332214,-0.34384456338037095,-0.4075197223798581,0.4375907589301347,0.03833259789896998,0.15801877759253935,0.2305077549016942,0.02331220834762003,0.25895356884312504,-0.05431453418525018,-0.06023095805364998,-0.03306951562664403,-0.04340936464224655,0.13042847584989936,0.10500327091972715,0.01445451150903765,0.0224072313832782,0.004568433592993245,0.02541468712158748,-0.016776629991514348,-0.01998861072934788,-0.010445781310961539,-0.0069921052516503865,-0.006091793381137133,0.028087912479317776,0.003676144210526662,0.0021039645272661997,0.0009375903172107094,0.0022151698655341204,-0.004726516989144455,0.22835985935379244,0.009678719420110707,0.0,0.0,0.0
92.0,-0.3255179720330839,-0.3446548385707837,-0.4186230252596058,0.4182757275853002,0.03715134075775571,0.16367808845111625,0.23282284292203004,0.02376167290027347,0.26113092914082614,-0.05434719906388585,-0.06136112839792019,-0.033576467649214424,-0.045629183902091315,0.13931048456863776,0.10754576227512638,0.016025437724373013,0.02517178957867079,0.0048139346289440875,0.02719988570313349,-0.01732055950873234,-0.019951796591437573,-0.010812835328633119,-0.007418762312913004,-0.006220984394409173,0.02919775588063287,0.0039035189019326886,0.0022593605870956483,0.0010028462739478429,0.002371927559665091,-0.0049583272780633625,0.21416714117478436,-0.0019571737720387814,0.0,0.0,0.0
95.0,-0.3311569721660695,-0.3450990476379921,-0.42959352979051446,0.3994981156027879,0.035887676794885644,0.16923685007048134,0.23487496266103627,0.024161599762647545,0.2630147196184871,-0.05432791161941827,-0.062451953819385966,-0.034027067508396416,-0.0478731624819095,0.14838497100883064,0.11000651825260006,0.01672059482155849,0.02686856893751638,0.005061548201524563,0.0290475552407467,-0.017853303301314447,-0.020590279101343825,-0.011258968697122085,-0.007851546895160636,-0.0063349849877110545,0.03029616745119715,0.004087236348870097,0.002411532704848125,0.0010695056143357378,0.0025331737362783075,-0.005189593217608714,0.20041646852193112,-0.01358210280266801,0.0,0.0,0.0
98.0,-0.336760495107936,-0.3452005156615863,-0.4404360764925932,0.3812307623979767,0.03454206302828607,0.1746886128562492,0.23667878008494367,0.024510557033845866,0.2646227496084047,-0.0542603199788314,-0.0635057662586562,-0.03442042030960607,-0.050140742306064176,0.15763981743312733,0.1123861232983425,0.017404738510437747,0.028586269759042715,0.0053111148571164885,0.030958052740177815,-0.01837496023068815,-0.02123363569662355,-0.011702316040075137,-0.008290082152495859,-0.006433555387000829,0.031383031982989994,0.004270380542637692,0.002567653132587919,0.0011375091452151037,0.002698866469664341,-0.0054201516695498945,0.1870894024988879,-0.025184989855322675,0.0,0.0,0.0
101.0,-0.34233045174784194,-0.3449820498883049,-0.4511551059080152,0.363448948246799,0.03311497190151724,0.1800275574188802,0.23824824332213615,0.024807201214043312,0.2659718434939894,-0.05414775237523882,-0.06452475201129075,-0.03475554441513561,-0.05243141204626113,0.16706261350853374,0.11468502825522661,0.01803904478692675,0.0302147482741833,0.005562483307479899,0.03293172409850104,-0.018885640056768387,-0.02190767599134709,-0.012148318657394455,-0.008734013465486783,-0.006516480707161112,0.03245828218329223,0.004451091653599546,0.002727581403831278,0.0012068011141281381,0.002868969590370327,-0.005649858212921915,0.17416885291499712,-0.03675622500449909,0.0,0.0,0.0
104.0,-0.34786842849671806,-0.34446595583383927,-0.4617546940494209,0.34613011371597796,0.031606889350111335,0.18524847724501212,0.23959659433630684,0.02505027911662406,0.26707787236152475,-0.0539932476379864,-0.06551096293289596,-0.035031379386974745,-0.05474469308207789,0.17664067220657173,0.11690356886026876,0.0121423027244326,0.017064939251517565,0.005815509164044261,0.03496890120100422,-0.019385460453361838,-0.04811725860727542,-0.01621381629626903,-0.009183006381282518,-0.006583567087053144,0.03352189368275429,0.0041093945762704165,0.002723870035791261,0.0012773290787487608,0.0030434524298245404,-0.005878584709219638,0.16163894006504265,-0.048287465961785826,0.0,0.0,0.0
107.0,-0.35337573461078314,-0.3436740445618276,-0.47223858402533203,0.32925361785856194,0.030018315061129626,0.19034675848848612,0.2407363860029041,0.025238629242132653,0.26795579034346517,-0.05379958260844633,-0.06646632882919433,-0.0352467941845221,-0.05708012706848671,0.18636104987960617,0.11904198658938155,0.01956713479214303,0.0343216851667775,0.006070053858377544,0.03706989920152109,-0.01987454428127198,-0.023092486935549064,-0.012989218164790277,-0.009636744902456171,-0.006634638513520233,0.03457388179660327,0.004823323536168512,0.0030581687443794374,0.001349043754494421,0.003222289585133692,-0.006106217169108847,0.1494848736686475,-0.05977146759147895,0.0,0.0,0.0
110.0,-0.35885344402403807,-0.34262763263722273,-0.4826102143534093,0.3128005292734206,0.02834976323119038,0.19531835769829736,0.2416795031811663,0.02537118256857465,0.26861967406063375,-0.053569297050633555,-0.06739266904259057,-0.0354005953219342,-0.05943726574307906,0.1962105703713886,0.12110044883759434,0.02035353009281067,0.03639828989364819,0.006325983672877914,0.03923501398698583,-0.020353017417373734,-0.0236285963970178,-0.013400948512217323,-0.010094930388901689,-0.006669534174026205,0.03561429745282296,0.005012132328890825,0.0032321275896808038,0.001421898821527547,0.0034054607088454844,-0.006332654157920316,0.13769284662529777,-0.07120193646114847,0.0,0.0,0.0
113.0,-0.36430243113654703,-0.3413475356318282,-0.49287274486002647,0.2967534451594564,0.026601762086153585,0.2001597781246417,0.24243718664234543,0.025446962715592502,0.2690827638795672,-0.05330471649067936,-0.06829170165068317,-0.035491534735878356,-0.06181566287904499,0.2061758533835721,0.12307906656981253,0.021090083127522273,0.03841461673697592,0.006583168838017335,0.041464519812263706,-0.020821007260921214,-0.02420255447171664,-0.013812591320056956,-0.01055728091974348,-0.006688106114806307,0.03664322147758464,0.005198008992057334,0.0034090639915419743,0.0014958507078061875,0.0035929503211263353,-0.006557805690684061,0.12624994162322462,-0.08257340662362492,0.0,0.0,0.0
116.0,-0.3697234001758668,-0.3398540560331667,-0.5030290808959959,0.2810963340532143,0.02477485159986802,0.20486804494919383,0.24302005891070358,0.025465085506964073,0.269357505947829,-0.05300797314042088,-0.0691650501405085,-0.035518317274260296,-0.0642148677523235,0.21624334722399852,0.12497790961735772,0.021807492188150413,0.04040607357009183,0.006841482696382655,0.0437586670761926,-0.021278641769567674,-0.024783454544549496,-0.01422064971177689,-0.011023530735943522,-0.0066902170472832026,0.03766075825604034,0.005382922128884094,0.003589941178311929,0.001570858381964753,0.0037847476372478072,-0.0067815923624601785,0.11514404882141478,-0.09388113337005481,0.0,0.0,0.0
119.0,-0.375116908791533,-0.338166966704483,-0.5130818961332271,0.2658143984219412,0.022869580170020335,0.20944067958315796,0.243438151240925,0.02542475802688712,0.26945559419810894,-0.0526810248650822,-0.07001424867877926,-0.035479607868198475,-0.06663441947575655,0.2263993656379378,0.12679702111966779,0.022406602623848203,0.04204760941912992,0.00710080095881278,0.04611768020708385,-0.02172604873033741,-0.025431834411366296,-0.014636287647166148,-0.011493429457743416,-0.006675738274821235,0.03866703044875673,0.005562049138486613,0.0037744283998399912,0.001646883181666957,0.0039808464039597655,-0.007003944454229463,0.10436379296270266,-0.10512100206513372,0.0,0.0,0.0
122.0,-0.38048338731232917,-0.33630548771873,-0.5230336527311614,0.2508939559050952,0.02088650230174715,0.21387567329230736,0.24370093090622963,0.025325277282648145,0.26938801151655495,-0.05232567210328936,-0.07084074739484239,-0.03537403850369591,-0.06907384176902077,0.2366301275901865,0.12853643255965938,-0.0002806196589491484,-0.00027884688806709764,0.007361001073596185,0.048541755635328046,-0.02216335502021129,-0.00027347868039621963,-0.00026947819515888213,-0.011966741026627734,-0.00664454781078752,0.039662175798363515,-0.0002911003460855438,-0.00029655944743054526,0.0017238886806235398,0.004181244742564306,-0.007224800906675638,0.09389846837470354,-0.11628944980465367,0.0,0.0,0.0
125.0,-0.3858231563111034,-0.33428828334799066,-0.532886625982806,0.2363223223131696,0.018826173274327986,0.21817145944930724,0.24381732980561996,0.025166028635303043,0.2691650711523699,-0.05194357316217217,-0.07164591830036149,-0.03520021507547109,-0.07153263961178227,0.24692180197057992,0.1301961793229413,0.024134880536083196,0.04722084602353478,0.007621961705610339,0.05103105985862443,-0.02259068578769139,-0.02645858063246755,-0.015391245441661735,-0.012443242560135055,-0.0065965287770853595,0.0406463458445998,0.00594253196728399,0.004149291530520192,0.001801840577849046,0.004385945000694854,-0.00744410823253372,0.08373798148179455,-0.1273833960617369,0.0,0.0,0.0
128.0,-0.3911364407155664,-0.332133404341617,-0.5426429111472227,0.22208773742850632,0.016689155931157364,0.22232688758078012,0.24379576964151822,0.024946483847084373,0.2687964536512683,-0.05153625714823561,-0.07243106200845217,-0.034956724075513736,-0.07401029439997488,0.2572605478567606,0.1317763169533225,0.025031680344975455,0.049846398557708935,0.007883562302025877,0.0535857275684326,-0.023008163641368685,-0.026897108395728196,-0.015759411649212372,-0.012922723354033858,-0.006531568100024879,0.041619705439134,0.006137553484845203,0.004350420592427395,0.0018807065870010177,0.004594953616163395,-0.007661819527404016,0.07387279762777979,-0.13840018599839218,0.0,0.0,0.0
131.0,-0.3964233854133705,-0.32985830293845136,-0.5523044495952674,0.20817926054131278,0.014476013925208678,0.2263411949046246,0.2436441907862913,0.02466619907775243,0.2682912465491094,-0.0511051364893687,-0.0731974138199423,-0.03464213908961966,-0.07650626412620753,0.26763256413938735,0.13327693500144375,0.025826249038350086,0.05221595889508801,0.008145682708387158,0.056205859903831826,-0.02341590800701208,-0.02740124973941585,-0.016129493138356113,-0.013404984203992608,-0.006449555463242412,0.04258243191980167,0.0063268475877920035,0.004552899109223744,0.00196045631238671,0.004808280994707505,-0.007877893706028075,0.06429389543206673,-0.14933753639367842,0.0,0.0,0.0
134.0,-0.4016840672267052,-0.32747979436609753,-0.561873037689661,0.19458670611818032,0.01218731558983079,0.23021398034666485,0.24337007730099453,0.0243248124982884,0.2676579792811784,-0.050651517660781784,-0.07394614901997555,-0.034255026971939176,-0.07901998225463407,0.2780241338584667,0.1346981692783669,0.026598019741394963,0.05453130055675905,0.008408202814278409,0.05889152276897917,-0.02381403473434744,-0.02791394981084467,-0.01649491340698792,-0.013889836990294953,-0.006350382399313017,0.04353471333558693,0.006515089949329125,0.004759292549185053,0.002041061112615837,0.005025941400313877,-0.008092294982416523,0.05499272424875167,-0.160193492028216,0.0,0.0,0.0
137.0,-0.40691850564811033,-0.3250140411961119,-0.571350340981695,0.18130057549280332,0.009823632852410098,0.23394517839520798,0.24298048238044018,0.02392204173304079,0.2669046576639606,-0.05017661124103882,-0.07467838675103695,-0.03379395370122872,-0.08155085873686874,0.28842167153054593,0.1360402113417245,0.027299227951590815,0.05659279163423914,0.00867100222053022,0.061642745243090366,-0.024202655940397215,-0.028454665249057293,-0.016858858191090627,-0.014377104382762275,-0.006233941436078523,0.04447674596744899,0.006700254611755577,0.0049701545970021925,0.0021224939640871704,0.00524795285467649,-0.008304992508709851,0.045961166539919336,-0.17096638638450953,0.0,0.0,0.0
140.0,-0.4121266712968771,-0.3224765356319813,-0.5807379066018357,0.16831199777740233,0.0073855401925468425,0.23753503379123617,0.24248205264188663,0.02345768110746484,0.2660387964084045,-0.049681541001496,-0.07539519291457496,-0.03325748994416899,-0.08409828152911342,0.2988117701509405,0.13730331615063984,0.02738869595697974,0.056266274416919684,0.008933959937266056,0.06445951805855894,-0.024581879979712305,-0.02933611448061921,-0.01726720461280607,-0.014866619487108315,-0.006100125254745422,0.045408731857241896,0.0068547463461434335,0.0051826464014491005,0.002204729338370374,0.005474337042063303,-0.00851596004743101,0.03719150387176027,-0.18165480763286165,0.0,0.0,0.0
143.0,-0.41730849260785857,-0.3198820838672971,-0.5900371749677541,0.15561267689235972,0.004873613375522422,0.24098407693728494,0.24188105138712,0.022931598770530862,0.26506744985828395,-0.049167352065780025,-0.07609758272365945,-0.0326442164001776,-0.08666161852265264,0.3091812476549642,0.13848780862030033,0.023989228736543602,0.047086718446227596,0.009196954125983746,0.06734179214031323,-0.024951811417689103,-0.03134571079625856,-0.017686634590583603,-0.015358225344672852,-0.005948825880118685,0.04633087704497543,0.006843257821639799,0.005309514174974972,0.0022877431012430292,0.005705119217439306,-0.00872517558531277,0.02867638615072536,-0.19225756890510184,0.0,0.0,0.0
146.0,-0.4224638614080141,-0.3172447930522405,-0.5992494907262321,0.14319484381098144,0.002288428533097861,0.24429310006293153,0.24118338079097779,0.02234373374861545,0.2639972409745939,-0.04863501815568182,-0.0767865234606971,-0.03195272899701,-0.08924021981671816,0.31951719211929136,0.13959408955344235,0.03000552422256784,0.06526613255715553,0.009459861893117478,0.07028947720416322,-0.025312550933404582,-0.029853549912970533,-0.01786979508283896,-0.015851774314562757,-0.005779933955865297,0.04724339079566829,0.007279601235631134,0.005609968105683815,0.002371512431585985,0.005940328117833891,-0.008932620871299918,0.02040880366684093,-0.2027736821908225,0.0,0.0,0.0
149.0,-0.42759263799664293,-0.3145780613018569,-0.6083761128080387,0.13105121332600997,-0.00036943803720766683,0.24746313423291708,0.24039460300165222,0.021694092968805916,0.2628343886181793,-0.0480854480020381,-0.07746293763512697,-0.03118164397226988,-0.09183342040740346,0.32980700502420013,0.14062264090296145,0.030942202540644753,0.06835077667088746,0.009722559131669717,0.07330244041793975,-0.025664195155938485,-0.030248861320806838,-0.0181932520149908,-0.016347127447187915,-0.005593338151062661,0.04814648558911355,0.0074781502012712915,0.005843161803734976,0.0024560157512529468,0.006179995878377543,-0.00913828092887903,0.01238206160037384,-0.2132023353073681,0.0,0.0,0.0
