Ecms,Cross_sig20_0,Cross_sig20_1,Cross_sig20_2,Cross_sig20_3,Cross_sig20_4,Cross_sig20_5,Cross_sig20_6,Cross_sig20_7,Cross_sig20_8,Cross_sig20_9,Cross_sig20_10,Cross_sig21_0,Cross_sig21_1,Cross_sig21_2,Cross_sig21_3,Cross_sig21_4,Cross_sig21_5,Cross_sig21_6,Cross_sig21_7,Cross_sig21_8,Cross_sig21_9,Cross_sig21_10,Cross_sig22_0,Cross_sig22_1,Cross_sig22_2,Cross_sig22_3,Cross_sig22_4,Cross_sig22_5,Cross_sig22_6,Cross_sig22_7,Cross_sig22_8,Cross_sig22_9,Cross_sig22_10,Cross_sig23_0,Cross_sig23_1,Cross_sig23_2,Cross_sig23_3,Cross_sig23_4,Cross_sig23_5,Cross_sig23_6,Cross_sig23_7,Cross_sig23_8,Cross_sig23_9,Cross_sig23_10,Cross_sig24_0,Cross_sig24_1,Cross_sig24_2,Cross_sig24_3,Cross_sig24_4,Cross_sig24_5,Cross_sig24_6,Cross_sig24_7,Cross_sig24_8,Cross_sig24_9,Cross_sig24_10,Cross_sig25_0,Cross_sig25_1,Cross_sig25_2,Cross_sig25_3,Cross_sig25_4,Cross_sig25_5,Cross_sig25_6,Cross_sig25_7,Cross_sig25_8,Cross_sig25_9,Cross_sig25_10,Cross_sig26_0,Cross_sig26_1,Cross_sig26_2,Cross_sig26_3,Cross_sig26_4,Cross_sig26_5,Cross_sig26_6,Cross_sig26_7,Cross_sig26_8,Cross_sig26_9,Cross_sig26_10
0.001,0.004240544289982218,0.04771352977325316,0.0016309682027979555,0.001186317218028421,0.0009952397895034437,0.006339658882128951,0.08286734951922314,0.012328822315343047,0.049739524944078184,0.009369409822080232,0.0038368903933929666,1.7763568394002505e-14,1.1102230246251565e-14,2.220446049250313e-14,4.440892098500626e-14,2.220446049250313e-14,6.661338147750939e-15,1.9984014443252818e-14,2.6645352591003757e-14,6.661338147750939e-15,2.220446049250313e-14,1.3322676295501878e-14,0.0,0.0,0.0,0.0,0.0,0.0,0.0,0.0,0.0,0.0,0.0,0.0,0.0,0.0,0.0,0.0,0.0,0.0,0.0,0.0,0.0,0.0,0.0,0.0,0.0,0.0,0.0,0.0,0.0,0.0,0.0,0.0,0.0,0.0,0.0,0.0,0.0,0.0,0.0,0.0,0.0,0.0,0.0,0.0,0.02648438739475445,0.3607645788552971,0.0007160606475014042,0.0018977902994357088,0.01116168445084842,0.0010040327155640405,0.00034023811919459135,0.006513024711302329,0.00048079537610412615,0.0038971805521015312,0.008550527179148837
0.05,0.2071371258331256,1.7730891982169719,0.08092321600931474,0.05899593753663179,0.04954686437279765,0.30571941768176547,2.5689734431623905,0.571315824249262,1.8324923771468087,0.44268836584173243,0.1879529257328656,2.200735149671118e-09,1.3268075527150813e-09,2.782278851753972e-09,5.622793342041632e-09,2.5874569153927496e-09,9.373590792449704e-10,2.57089904920349e-09,3.1548696988181746e-09,1.0361200786235258e-09,2.9500979437102615e-09,1.7469892199528658e-09,0.0,0.0,0.0,0.0,0.0,0.0,0.0,0.0,0.0,0.0,0.0,0.0,0.0,0.0,0.0,0.0,0.0,0.0,0.0,0.0,0.0,0.0,0.0,0.0,0.0,0.0,0.0,0.0,0.0,0.0,0.0,0.0,0.0,0.0,0.0,0.0,0.0,0.0,0.0,0.0,0.0,0.0,0.0,0.0,0.7681466060099109,1.7893322668506184,0.035412336051095394,0.09174471347509083,0.4517737731397564,0.04797618053304209,0.016615240758581784,0.2712424050268907,0.023358883300677924,0.18114797116679293,0.34002072655047844
1.0,2.8402392135787897,5.786807606900641,1.409577860438771,1.0680124681410539,0.9145866582274991,3.5786015536568034,5.958978312351118,4.637845731392236,5.833512617706189,4.219372918760524,2.678353476709109,1.9154782826547034e-05,1.1889581457147358e-05,2.3999583913525413e-05,4.750269102071769e-05,2.2382255406849794e-05,8.611608974806728e-06,2.2192987723101965e-05,2.7052167870245114e-05,9.447084017288887e-06,2.5398289376088456e-05,1.538196604311537e-05,9.074084150739736e-09,8.868143996920708e-09,8.993642275356706e-09,9.324816474531872e-09,9.334969242047464e-09,9.111204235523473e-09,9.065504347205433e-09,9.086260632784615e-09,8.974477605505626e-09,9.057095518016922e-09,9.170193493446277e-09,8.832934383917745e-13,8.752998326144734e-13,8.752998326144734e-13,8.872902412804251e-13,8.79296635503124e-13,8.79296635503124e-13,8.832934383917745e-13,8.872902412804251e-13,8.832934383917745e-13,8.832934383917745e-13,8.832934383917745e-13,2.930988785010413e-14,2.930988785010413e-14,2.930988785010413e-14,2.930988785010413e-14,2.930988785010413e-14,2.930988785010413e-14,2.930988785010413e-14,2.930988785010413e-14,2.930988785010413e-14,2.930988785010413e-14,2.930988785010413e-14,0.0,0.0,0.0,0.0,0.0,0.0,0.0,0.0,0.0,0.0,0.0,1.6264674244370445,1.8771530502453624,0.5828541254176609,1.10720011063201,1.8771741289413555,0.5047799079091497,0.2261059008139199,1.241886526109878,0.2968703609763428,1.5086534400695797,1.3230154230874271
2.0,4.2180473644118734,5.999547674435039,2.4806769860886053,1.9400825566919728,1.6911201744204178,4.904388768252927,5.995523232712809,5.583625693473488,6.009604520626805,5.337280773182552,4.0666494300378115,0.0001638503077172615,0.00010434802976577728,0.00020368520020408454,0.0003962283855152293,0.0001904711879641141,7.739112938720538e-05,0.0001883841919214646,0.00022839518194484043,8.42289507740901e-05,0.00021527087510353482,0.00013300323019382887,5.946218353258814e-07,5.92373827323911e-07,5.931553821447721e-07,5.986788140788235e-07,5.998986289945663e-07,5.963351723536903e-07,5.947083856483459e-07,5.939855216574585e-07,5.93677963678374e-07,5.929408621874188e-07,5.961873665860651e-07,2.2390889142798187e-10,2.2293367152315113e-10,2.2349722073045086e-10,2.247642072461531e-10,2.237690033268791e-10,2.2398882748575488e-10,2.2452439907283406e-10,2.2440449498617454e-10,2.2382895537020886e-10,2.2368507046621744e-10,2.241486996013009e-10,2.2729818027755755e-11,2.2729818027755755e-11,2.2729818027755755e-11,2.2739587990372456e-11,2.2734703009064106e-11,2.2729818027755755e-11,2.2729818027755755e-11,2.2739587990372456e-11,2.2729818027755755e-11,2.2739587990372456e-11,2.2729818027755755e-11,0.0,0.0,0.0,0.0,0.0,0.0,0.0,0.0,0.0,0.0,0.0,1.6217883589525228,1.8224684349966922,0.977753302241235,1.5432018232061901,1.992902739341392,0.654041928637529,0.3324626046932613,1.327334169301944,0.41954410300891976,1.8341347140764976,1.381020959797711
5.0,5.725224432061005,5.799349451266406,4.519282735256638,3.7667392295435564,3.4210197728644753,6.027895185794053,5.66007460980353,6.017434390592399,5.738910483278992,6.020699441056444,5.68356220469917,0.002762556389741544,0.0018184712332924846,0.003407267738131381,0.006512317376949905,0.003197679858990554,0.0013923080791555797,0.0031360155499182696,0.003787099361929336,0.0014975781074433314,0.003596944172070682,0.002275646617362348,7.855341218654388e-05,7.871814759763396e-05,7.851071966236134e-05,7.858834206508902e-05,7.878420339002545e-05,7.876399877959628e-05,7.859215289673926e-05,7.83983365897356e-05,7.866679392964926e-05,7.829177791052189e-05,7.857290486912305e-05,1.488591769849279e-07,1.4860860941823262e-07,1.4890836563807852e-07,1.4922342961298796e-07,1.4897557587545407e-07,1.4889718258359608e-07,1.4879590759520056e-07,1.4883862142767157e-07,1.4888033206261753e-07,1.4880450471821405e-07,1.4893565181139934e-07,6.050554457459612e-08,6.049420164799812e-08,6.050468481788585e-08,6.051722944988569e-08,6.050822154435309e-08,6.049407952346542e-08,6.050621870201667e-08,6.051095713388577e-08,6.049288758802618e-08,6.051295509124088e-08,6.050594025808209e-08,7.248202038567797e-11,7.246470090649382e-11,7.248202038567797e-11,7.249356670513407e-11,7.248202038567797e-11,7.247047406622187e-11,7.247047406622187e-11,7.248202038567797e-11,7.247047406622187e-11,7.249356670513407e-11,7.248202038567797e-11,1.5052799744532122,1.6757772802869044,1.6161425212654246,1.9500136254998761,1.9445794239919794,0.7313839808426286,0.4386251928929594,1.282436870913259,0.5214101174122883,2.007143633385063,1.302028540686353
8.0,6.05625703801358,5.492470287141064,5.60811576772631,4.853821174903853,4.538213546330903,6.140914131136926,5.323918189644211,5.84604951378374,5.390247757002032,5.9311635914908,6.080350138082883,0.011064447366258001,0.007290093401111086,0.013704960393414733,0.026431973513554308,0.012863188481224697,0.005605339673138143,0.012498082187597515,0.015181283874814433,0.006008351509876331,0.014490792199681746,0.009126067699658513,0.0006428898621613222,0.0006445006319775182,0.0006424761256162981,0.0006432606490274217,0.0006452448053062554,0.0006449981704510499,0.000643252542104733,0.000641300651809118,0.0006440514094707694,0.0006402809626138151,0.0006431253668850445,2.5203457800770934e-06,2.516709816546836e-06,2.5197572268709223e-06,2.5293665721903835e-06,2.519785452292922e-06,2.515304660555273e-06,2.522416215899881e-06,2.52628198760263e-06,2.517029852544539e-06,2.5264299292615533e-06,2.5192382340222252e-06,1.7310102924383841e-06,1.730583735870539e-06,1.7309780857566182e-06,1.7314576052918085e-06,1.7311112796569716e-06,1.7305759834052026e-06,1.7310386106750286e-06,1.7312175182304657e-06,1.7305312418613994e-06,1.7312940805425114e-06,1.7310232425238326e-06,4.734077574397588e-09,4.7328594376949695e-09,4.734591385613385e-09,4.7348973630789715e-09,4.7346664366898494e-09,4.733379022070494e-09,4.732951808250618e-09,4.7344528297799116e-09,4.733604175299888e-09,4.735341896378031e-09,4.734654890370393e-09,1.3912231370984638,1.5555139265047613,1.8922620369717889,2.0212517205344565,1.833923572054652,0.6975686837677673,0.4530742055514354,1.1898158912430854,0.5219678373762697,1.9696548470117174,1.1912208942296871
11.0,6.054942607795457,5.2059801135898836,6.217772111079226,5.510528332182751,5.2646932159576645,6.028932241129004,5.039814334833169,5.5859029463714105,5.081216955789636,5.701263003078832,6.113610111872013,0.027019265247965052,0.01762026377474024,0.033763120285799086,0.06631431397644327,0.031652953853564814,0.013479955588380221,0.030443481417186113,0.03733607396531502,0.01443616299802386,0.03579490388148088,0.022210660220089995,0.0022487200690743947,0.0022527126854332558,0.002246070272976297,0.0022538420315743046,0.0022623304523641252,0.0022579982077028937,0.0022500087869281593,0.0022420368120119605,0.0022524043588125764,0.002237639714089301,0.0022511258078239393,1.3834322283745593e-05,1.3814371514708768e-05,1.3811238680716542e-05,1.3887214294516781e-05,1.382196023236304e-05,1.380273846018909e-05,1.3868600755806426e-05,1.3878480872531185e-05,1.3805205442807278e-05,1.387829096444193e-05,1.3823787119005004e-05,1.2708712596509741e-05,1.2704708059807501e-05,1.270840534584039e-05,1.2712985650864539e-05,1.2709651704856384e-05,1.2704595617307746e-05,1.27090131547547e-05,1.2710701160045801e-05,1.270417891863218e-05,1.2711430937173418e-05,1.2708812538342329e-05,5.6558375760573654e-08,5.653943979666565e-08,5.656638890627619e-08,5.657118062885047e-08,5.6567526218742614e-08,5.654761459084057e-08,5.654096968399358e-08,5.6564206651898985e-08,5.655102075508012e-08,5.657801604996848e-08,5.656726642655485e-08,1.289863916497335,1.452382417845668,2.0186909045945156,2.008944226704461,1.724883999321282,0.6452362105704923,0.4428498338631748,1.0987126961250597,0.4996822886025929,1.8952161809806451,1.0872429184696997
14.0,5.930606909552539,4.947695252538512,6.556594575971635,5.89916231851501,5.730734036158838,5.852849576273403,4.801559423891506,5.3178638873915745,4.81586740205634,5.442228141172624,6.008930312169009,0.05139724205803997,0.03303773257482767,0.06490783968454039,0.13016561508449875,0.06075352610872997,0.025055915861549316,0.05779634568000791,0.07167828582776092,0.02683207965221257,0.06903026335245643,0.04203778639069622,0.005294177289282054,0.005295479764319211,0.005283009030041086,0.005322293990499105,0.005346191378330367,0.005321677877912823,0.005297054037015858,0.005275937723274282,0.0052998425420298645,0.0052628987645491065,0.0053061987757274665,4.4719354095779096e-05,4.4623941717780724e-05,4.461486350360033e-05,4.4948842568004466e-05,4.4664867164811994e-05,4.45872950480819e-05,4.4875697430057926e-05,4.4910350150750844e-05,4.459058574379782e-05,4.489668510965217e-05,4.467743817704317e-05,4.974341921659686e-05,4.97245701742699e-05,4.974165824922494e-05,4.976381328569701e-05,4.974774476984578e-05,4.972387892010488e-05,4.974536905688609e-05,4.975294256093221e-05,4.972173468686947e-05,4.975617883662409e-05,4.9743695032411495e-05,3.093612761517761e-07,3.0923384519709884e-07,3.094170275552699e-07,3.094483700394335e-07,3.0942364936947797e-07,3.092881302180217e-07,3.0924211813498914e-07,3.0940067796692006e-07,3.093117366681497e-07,3.094952827353836e-07,3.0942152484669805e-07,1.1981332042578647,1.3603361274411254,2.069933335862033,1.9657965954194934,1.622295135346615,0.5897419651641371,0.42318763307447593,1.012914332372552,0.4702944624484795,1.8112819120294308,0.9915283498534309
17.0,5.757217675317034,4.714774693971269,6.731490593498773,6.113215313965078,6.0179922315810925,5.663064604143263,4.601351720359499,5.062392972406661,4.589413838025042,5.185522655702975,5.848705553564504,0.08417922269910116,0.05325462906044409,0.10750946536984607,0.22009395844893032,0.1004582028199641,0.03998788048950708,0.09445904900219348,0.1185377414087907,0.042822584685562326,0.11471828900391445,0.06847482185588394,0.009981853783087136,0.009959539300534281,0.009947906458202649,0.010079380033979124,0.01013149268975333,0.010045782412439586,0.009986707904084291,0.009943326150922971,0.00998234581063473,0.009912496370350965,0.010021340053754102,0.00010725563454583309,0.0001069276459375601,0.00010691187077238595,0.00010798053207183855,0.00010707931952325112,0.0001068563340211881,0.00010777405122741612,0.00010785910683797084,0.00010684295987539727,0.0001077731237573154,0.00010713594304512242,0.00013642839468319679,0.00013637263649535214,0.0001364190730299697,0.00013648890133177716,0.00013643994450340813,0.00013637047247794243,0.00013643968545773433,0.00013645711781640202,0.00013636169467945436,0.00013646348472029501,0.00013642764065213697,1.0900729980889423e-06,1.0895828799206697e-06,1.0903226814740208e-06,1.090418250360159e-06,1.0903273173212824e-06,1.089775310880725e-06,1.08957438182955e-06,1.090224364563852e-06,1.0898824376326388e-06,1.0906174128244572e-06,1.090310702167585e-06,1.1134747845741466,1.275884479242189,2.078494878669887,1.9088773913473194,1.525657932959657,0.5349237037324786,0.39916969894074317,0.932236771592851,0.43836302203439725,1.7252918936573214,0.9028566410557048
20.0,5.56616253362095,4.503600386218205,6.80263377551639,6.210141143800741,6.179855708335049,5.478756713467819,4.432827742236713,4.825144802052154,4.396626192121499,4.941690708190894,5.668779562859643,0.12484928465588574,0.07771544379681528,0.1612842542321058,0.3365790709959704,0.15045394929678269,0.057758616876291136,0.1397346112344766,0.17747429142394022,0.061836671380166575,0.17267425732356845,0.10101563567795013,0.016376803790237204,0.01628376875479365,0.016293490488731077,0.016636469040917756,0.016732478171245457,0.016503921355703888,0.01638319778277042,0.01630810121800863,0.016352827349840116,0.01624541210759123,0.016478007379302273,0.000213230881140003,0.00021220228488783022,0.00021249679942059174,0.00021519378486756224,0.00021292717099097302,0.0002121016679370591,0.00021446180135775705,0.00021467420561194217,0.00021206765440107134,0.00021462842662334225,0.00021301647561067227,0.0002992038538924824,0.0002991735055992706,0.00029934167513534504,0.0002992215124648645,0.00029929766679792635,0.0002991515383952148,0.0002990431392677628,0.0002991444887321393,0.00029919410694301263,0.00029922561055872876,0.00029924268216152683,2.9084280810387497e-06,2.90635954058871e-06,2.909195628397754e-06,2.909832933273293e-06,2.909388319149997e-06,2.9073110092703303e-06,2.9066544797728966e-06,2.909082924773543e-06,2.907620491043872e-06,2.9105148300345718e-06,2.909393878702815e-06,1.034312776629236,1.1970550283390162,2.0608420242032817,1.8452684316619479,1.4340617422696194,0.48200498326300867,0.37303252449511204,0.8561922275923752,0.40560905744139486,1.6399400799751391,0.820163687666779
23.0,5.372254586172114,4.310959705981476,6.806223710767759,6.226915980398898,6.252645033206812,5.307719476816043,4.290998911977489,4.60715502408989,4.233043456560964,4.714246416926532,5.486378258761005,0.17259512084339956,0.10574877585007636,0.22550538877561088,0.47874294794275407,0.21002646741091535,0.07780213726562124,0.1925536292397645,0.24752249145454597,0.08323826584415883,0.2422230929496605,0.13895554302217228,0.024467816397784503,0.024219414279785578,0.02429174568099146,0.025049315424509278,0.02520552403473708,0.0246942393916445,0.024474127423005143,0.024359638057000588,0.024381720044251765,0.024244997097717658,0.024687600995219494,0.000373397323516933,0.0003710378861714325,0.00037165411971162854,0.000377749236059266,0.0003726500170881941,0.00037099677797058916,0.00037632091214812036,0.00037664225538414087,0.00037081820164086565,0.0003762637037221239,0.00037294359129314003,0.0005635423766126024,0.0005635696187806793,0.0005635777875294679,0.0005635370122583083,0.0005635574460569615,0.0005635333123050756,0.0005635264385746019,0.000563519424576775,0.000563545234004259,0.0005635435842679115,0.0005635441897808846,6.424201629329218e-06,6.4198177227581255e-06,6.426358308608826e-06,6.427316324053578e-06,6.426448831753362e-06,6.421588235383524e-06,6.4198399494230785e-06,6.425578660707032e-06,6.422490840041206e-06,6.429042677780217e-06,6.4263307013590065e-06,0.9597338142304346,1.1227394967624509,2.02630002629538,1.7784700565327505,1.346842297503546,0.4314914796081939,0.34600061100537305,0.7844330009423919,0.37287629629349395,1.5564363033600372,0.7427573841084376
26.0,5.182857807682315,4.134192068019479,6.765150829590885,6.18825480761234,6.261624899919353,5.153087466712389,4.171949178219396,4.407794019391552,4.094904615305538,4.503920043803136,5.310257386807496,0.2264404558215416,0.13664659942556945,0.29916848973311705,0.6446223872710322,0.2782128262427275,0.09957324347955154,0.2516409144190779,0.32737567116051247,0.10639731285464693,0.3223576418584173,0.18150004361441985,0.03420934814304921,0.03367224327430973,0.033875742111797,0.03536219963557574,0.035592287968262415,0.03458106569044883,0.03421253428096671,0.034055131660480686,0.033998636334693355,0.03386128828118151,0.0346335414872998,0.000597434380591011,0.0005917867354794382,0.0005945825365301083,0.0006063667475131318,0.0005966641062546962,0.0005924856485748364,0.0006023818806086823,0.0006034889059121085,0.0005918242213738267,0.0006035220990563417,0.0005972694281073387,0.0009526515793933932,0.0009527183691244723,0.0009526892912048446,0.0009526066227394381,0.0009526385804923265,0.0009526617389381542,0.0009526466060476579,0.0009526150079075535,0.000952690167130843,0.0009526213204367195,0.0009526246448081643,1.2399883604352624e-05,1.2384810467391816e-05,1.2404294910339786e-05,1.2410103482629609e-05,1.2406451733948387e-05,1.2392304011399347e-05,1.2388308505695278e-05,1.2404827946177477e-05,1.2393951636546774e-05,1.2414419993334036e-05,1.2406830753430853e-05,0.8892136097657479,1.052310818123357,1.9806030308365044,1.7104484232579331,1.263583730987849,0.38365213444751234,0.3188473795311193,0.7167464119275779,0.3406796699689183,1.475419628612089,0.6702108266827391
29.0,5.001701865896127,3.971010793136909,6.69442682864015,6.11115249590183,6.224818333601977,5.0158419351875825,4.072515633628514,4.225864366033849,3.979098640382084,4.310317830980233,5.144933824668159,0.28534385211876234,0.169730216831252,0.3811036434418913,0.8314521889240378,0.35391666197906346,0.12257719381348675,0.31565958316414733,0.41554419356609085,0.13073107464420808,0.41187098981485315,0.22784061962616065,0.04554682917895736,0.044528288451488596,0.044964958781489095,0.04763508589048859,0.04794581800448228,0.046119919769790574,0.045542391870843524,0.04534525809922796,0.04511757884655232,0.04503661023072514,0.04629651759313047,0.0008942550073522959,0.000884597455046432,0.0008855039902613271,0.0009085443180509856,0.000889924292337696,0.0008877484343678965,0.0009095622293902039,0.0009052974430301397,0.0008854591816325197,0.0008976469140957732,0.0008921662322354251,0.0014840761365197963,0.0014842210348353646,0.0014842566652149003,0.0014840512016749408,0.001484141064814093,0.001484021331865648,0.0014839920649509786,0.001483977203924347,0.0014840988370523611,0.0014840784628114,0.001484066477788204,2.164146738747874e-05,2.162236170422105e-05,2.165187693714543e-05,2.165549332522332e-05,2.1651674143363664e-05,2.1629658302657617e-05,2.1621356787626667e-05,2.164754693456672e-05,2.1633979703228334e-05,2.1663492378642957e-05,2.1650959720620477e-05,0.8224440983052141,0.9854049169324401,1.9274990785513109,1.6424124160042899,1.1840352462267094,0.33865578094563853,0.29210232147429327,0.6529989119508626,0.3093774998405818,1.397262393662491,0.602254196933182
32.0,4.830605154748281,3.820020820816455,6.6041943751564,6.007618101513807,6.155359252657753,4.895921031874805,3.990099406993124,4.060050166126096,3.8829646147052097,4.132600389279746,4.992679063139052,0.34826662463344427,0.20437067586855706,0.47007824611358107,1.0359459699834006,0.435982126149872,0.14639281802726556,0.3832603042185623,0.5104559844110423,0.1557263826540778,0.5094458297099891,0.27720104834976667,0.0584315261999131,0.0566693412267858,0.05748023225291732,0.061960085155053246,0.06234593603516325,0.05927209493925023,0.058413698804058,0.05818933615154176,0.05765184164652126,0.05772066950972965,0.05966916413506507,0.0012719774132134987,0.0012540341888032103,0.0012569156541695214,0.0012959564340664365,0.0012651044620053398,0.001262461292921735,0.0012963834882704361,0.001291332520042765,0.0012563024808374124,0.001277460172639966,0.0012706596581644192,0.002174512789033578,0.0021747917939056727,0.002174644783021318,0.0021743371640683407,0.00217445808890826,0.0021745638561689873,0.002174502839836112,0.002174379771139101,0.002174664589329467,0.0021743851264952596,0.002174408828326868,3.4971774653058674e-05,3.492227693246974e-05,3.4990059629702586e-05,3.5006712407081864e-05,3.499486786928685e-05,3.494515954383104e-05,3.492954492489986e-05,3.498811585300743e-05,3.49522015747894e-05,3.502283744838408e-05,3.4995249047931054e-05,0.7592333017541062,0.9218007152228895,1.8695526553243829,1.575150309734548,1.1080427001435447,0.29661170743059095,0.26614153929762896,0.5930945479751801,0.2792334438002171,1.3221888721298916,0.5387025909296694
35.0,4.6703528310968165,3.6797030464689535,6.501398832615655,5.886260403009496,6.0629428221210615,4.792776554207705,3.9225071080532463,3.90901062731739,3.8043001937721543,3.969752593624921,4.854505439484776,0.4142184271457383,0.24001161087003675,0.5648569431864248,1.2545429481379466,0.523261297416413,0.17067206922427136,0.4531650324406544,0.6105520318101609,0.1809468539640302,0.6137350982828371,0.3288652581616325,0.07282842970423298,0.06998060655590654,0.07134969649365575,0.07846961580834844,0.0789068488972311,0.07401114404393994,0.07279118755259795,0.07256269616449318,0.07152230927748615,0.07187618102154714,0.07476280042930128,0.0017380387363239436,0.001708155451781046,0.0017131168681827624,0.001777762973811381,0.0017269340648056186,0.0017224360167835684,0.001778564986323783,0.0017699514834608188,0.001712203984362226,0.0017469293056846524,0.0017359968355354916,0.0030327417822464398,0.0030332273622506456,0.0030331162595107486,0.0030324805375641084,0.003032763660206772,0.003032765149847627,0.00303250143037026,0.0030324871545888143,0.003032982382709548,0.003032545492242189,0.0030326122141208778,5.316335380012305e-05,5.3119881514795964e-05,5.320005416908913e-05,5.319890688637585e-05,5.319175408002863e-05,5.3130755093722115e-05,5.310298543337311e-05,5.3177181885910585e-05,5.3146302224416075e-05,5.322363063919866e-05,5.318713772872741e-05,0.6994487420285731,0.8613520741109113,1.8085758761353432,1.5091943577744038,1.0355025541344425,0.25758532907948384,0.24123495309238674,0.536950597319565,0.25044301428699534,1.250329920027216,0.47941339504926006
38.0,4.521134410340281,3.5489916078061436,6.390974886324435,5.753360037139125,5.9547932309695755,4.705622074246659,3.867928831936715,3.7714929272267605,3.74118751747726,3.82072329545546,4.730695596407827,0.48227815215052594,0.27616696593819157,0.6642533431384523,1.483620489727091,0.6146489506000874,0.19513720795823142,0.5242002177057392,0.7143378619566487,0.20602682920175752,0.7234109603092942,0.3821926252871144,0.08871764023071815,0.08435604285038245,0.08651765871740169,0.09734261350131357,0.0977800345835429,0.09032802905790316,0.08865366707009636,0.08846084031819013,0.08665816100843138,0.08748896164492947,0.09161138828228799,0.0022993514432707585,0.002252351613962311,0.0022603472641162803,0.002362701782717025,0.0022818944689007026,0.0022743707040695504,0.0023633033690138028,0.0023501590217711588,0.0022583274255798536,0.0023138851839017427,0.002296065362183519,0.004068013947395421,0.004068888371052015,0.004068374306501976,0.004067496862012021,0.004067844962741596,0.004068190542097838,0.004068006265840474,0.004067646559049898,0.004068464887904355,0.004067614972687483,0.004067705509367858,7.699181571574343e-05,7.696003598978152e-05,7.696558460246194e-05,7.699964646423751e-05,7.700022294310216e-05,7.700191854898009e-05,7.700136866706231e-05,7.699093261281931e-05,7.697483261548399e-05,7.698273694867197e-05,7.70044723754637e-05,0.6429865499225631,0.8039508955280841,1.7458795450662636,1.4449095992449563,0.9663349102447834,0.22160620853283097,0.21757495157220674,0.4844850839600303,0.2231485660822976,1.1817522501074786,0.4242626395671154
41.0,4.3828108409056155,3.4270354398895466,6.276413874445675,5.613558917386571,5.836372257121778,4.633572105994169,3.8248088369914983,3.6463467798902576,3.691975800778204,3.6845003896589636,4.621115126475404,0.5516208216573681,0.31243018113241927,0.7671594815969729,1.7196700656308428,0.70911864353006,0.2195757964125744,0.5953178605897036,0.8204355394805973,0.23067549069576865,0.8372117207192176,0.43662349763706754,0.10609725432496431,0.09969822747764923,0.10293797974042418,0.11880322754576733,0.11915489210702468,0.1082282841667479,0.10600053575629431,0.10589925461035632,0.10300120319826389,0.10455954849129512,0.110269983323529,0.0029549909458159718,0.0028840815773030215,0.002896069996912054,0.0030535687487964758,0.002928023638788524,0.002915633971392495,0.0030525062001593994,0.003033738441036604,0.002892063661104949,0.0029792563761210644,0.0029492607884153976,0.005297669748589584,0.005298696857314766,0.005298388301226975,0.005296652738669305,0.005297618701077145,0.005298026887975649,0.005297537806626895,0.005296604505585112,0.005298554664966204,0.005296899697736723,0.0052973468742161245,0.00010706841995400396,0.00010699743894360125,0.00010702711058874215,0.00010709579926793111,0.00010709454896318249,0.00010708153398075737,0.00010707715283952979,0.00010706770971680157,0.00010703644907295029,0.00010705479444261812,0.00010709262497687888,0.5897549787568748,0.7495070516013826,1.6824274003111617,1.382546247675644,0.9004684340211777,0.1886741496494957,0.1952957096082959,0.4356112122259632,0.19744971573676295,1.1164764135090683,0.3731326102773602
44.0,4.255057220678053,3.3131679392541127,6.160219198018233,5.470318926064136,5.711834158306965,4.575716354902872,3.7918105231019945,3.532528412778368,3.65522809148647,3.560135058121209,4.525384065913785,0.621517736770254,0.3484639410009871,0.8725672092375047,1.9594210062795225,0.805734084545684,0.24383124538728929,0.6656058637735707,0.9276015151618267,0.2546642833250057,0.9539634985418122,0.49167906541585316,0.12498199388532916,0.11591969123054113,0.12057901691159767,0.14312287480976682,0.14325746819705953,0.1277335446704697,0.12484859398014247,0.12491420732936831,0.12050411459494947,0.12310885209730404,0.13081485782402513,0.0037414549921033213,0.0036354128031375055,0.003654017821079769,0.0038852889544997993,0.003703273426246323,0.0036854327321722558,0.0038859779245687953,0.0038558941147854853,0.003649278292282343,0.0037742428934932626,0.003734463756077222,0.006681222250525032,0.00668322835322499,0.006682584688865401,0.006680100507646003,0.0066812447472610614,0.006681443489755523,0.0066804586594981785,0.00668015547984524,0.006682241886381668,0.006680313060163368,0.00668066439298709,0.00014419172845414607,0.0001441216598339068,0.0001441281763052693,0.00014420428113925965,0.00014420625610833682,0.00014421791498708814,0.0001442171983070395,0.00014419050624159269,0.0001441514487261486,0.00014416805649020148,0.00014422235521083238,0.5396660024430036,0.6979378060407595,1.618935669567649,1.3222728592724589,0.8378325402530322,0.15876451026584526,0.1744870804578369,0.3902355880622901,0.1734115331965449,1.0544889876445467,0.32590586852537395
47.0,4.137449177077049,3.20687267888529,6.044194000041745,5.32623986706723,5.584355978366629,4.531158913577783,3.7677773677614868,3.4290969592407183,3.6296855806710377,3.4467527768393023,4.442982406005278,0.69133871746212,0.38399526731187406,0.9795777161709185,2.199925444038624,0.90365845880088,0.26779406048883736,0.7342888738340347,1.0347402819109264,0.27782019171144645,1.0725972518873395,0.5469570023488046,0.14540265806623198,0.1329420049684371,0.13942229451474075,0.17061835164509986,0.17035117829366264,0.14887876474047257,0.14523188058123715,0.14556078900162284,0.13913040516134956,0.14317636466892925,0.15334121716873117,0.004637174593693505,0.004485100472018111,0.004512343105647076,0.004845826505126105,0.00458278700127579,0.004556077894713351,0.00484440801640762,0.004802583925760828,0.004504090973453501,0.004685840706245337,0.004627221936894799,0.008262712280259876,0.008265855511815356,0.00826399446707704,0.00826080668507334,0.008262192801489654,0.008263439910501713,0.008262670110189774,0.008261268936385235,0.008264378466791733,0.008261146070664083,0.008261648327579252,0.0001887435617375921,0.0001886212240549412,0.00018864822146857918,0.00018877466667355236,0.0001887773867901288,0.00018877835647312935,0.00018877469309153128,0.0001887397802082802,0.0001886752574122852,0.00018871202888348648,0.0001887933675601694,0.49263136376154737,0.6491625012192861,1.555939890584075,1.264198501312944,0.778353770457314,0.1318329308277324,0.15520495798946943,0.34825835770121705,0.1510712723198404,0.9957513505567306,0.28246279097406113
50.0,4.029514666475194,3.1077546325590575,5.929637508161984,5.183282530442541,5.456375247859084,4.499038526784094,3.751702484877776,3.335207243526992,3.614239201971071,3.3435551827452255,4.373314578499097,0.7605467938543109,0.41878528851549746,1.087384638685256,2.438602588486556,1.002152003618637,0.2914025193301528,0.8007345670463284,1.1409005423012153,0.3000184787038451,1.1921656315509788,0.6021237249013245,0.16740011574104496,0.1506997031392836,0.15945741951355075,0.20164628467083734,0.2007297918205615,0.17170863572621364,0.16720105434190424,0.16791303709594718,0.15884921957883025,0.16481422109397847,0.17795850998076457,0.00565082615674406,0.005438452430267304,0.005476686371616246,0.005949471595850575,0.0055764576224492934,0.005534271398207391,0.0059381588153542,0.005883999214837843,0.00546113941214843,0.005723903656143836,0.005635576443539847,0.010042729626520419,0.01004655404899868,0.01004488777407797,0.010039442337545168,0.01004244132538723,0.01004408713018945,0.010042466281613649,0.010039492206179723,0.010045587512048648,0.010040045091940009,0.010041580987974807,0.00024118310030818435,0.00024096373556048434,0.00024103832431077166,0.00024126609223884543,0.00024126058678053397,0.0002412245639611399,0.00024122438991769357,0.00024118476080747797,0.00024107514156890275,0.00024113853860452394,0.00024125967426336103,0.4485610130739901,0.6031001243070437,1.493841211798712,1.2083881776593905,0.7219544910175393,0.10781946908783979,0.13747915869005034,0.30957420744219144,0.1304439503715371,0.9402062104544475,0.2426809608559206
53.0,3.930767756534256,3.015493737484021,5.817444557704576,5.042929523936808,5.329785213412416,4.478545164526245,3.7426804502314894,3.250099255102412,3.607916207890815,3.249825351778565,4.315746385131892,0.8286977805088869,0.45270935735050255,1.1953479416867019,2.673266750485226,1.100586112371147,0.31459836378809003,0.8644000208352209,1.2452942931811761,0.3211713913902958,1.3118095011595199,0.656910272776634,0.19103361975267852,0.16912942909375417,0.18068379148567937,0.2366092736375225,0.23469932070163502,0.19628898130640682,0.19081490045127047,0.1920572642321945,0.17964469604153077,0.1880932241409834,0.20479910319322858,0.006827683433006548,0.006534493397968522,0.006587881157018138,0.007231636762029314,0.006725583015194214,0.006673177672964492,0.0072296333614518815,0.00714619616823331,0.006572808626470472,0.006919950176484058,0.006809776160885406,0.011961619179935656,0.011967861038404415,0.011965650487200108,0.011958366249442243,0.01196193609865226,0.011962332965280709,0.011959474474317666,0.011958363120084137,0.011964542481230467,0.011958777121820141,0.011960041213967987,0.00030221050218193213,0.0003018862349941642,0.00030235706534753604,0.00030243676563035393,0.00030244003902346606,0.00030205267305305483,0.00030181017499453233,0.0003022589512600149,0.0003020246571097118,0.000302578658604169,0.00030240155038363525,0.40736292906107785,0.5596683143121264,1.4329382441390113,1.1548741030012026,0.6685530476667756,0.08665213241754266,0.12131794421012909,0.27407390652131003,0.11152665557614672,0.8877825660205043,0.20643503917914652
56.0,3.840717970070721,2.9299087864112523,5.708349970784345,4.9062943810286335,5.20597788265829,4.468897386713388,3.7399841340066793,3.1730981916156793,3.6098243684259046,3.1648915781659883,4.269641481110505,0.8954237529559439,0.4856241200326017,1.3028754917435093,2.9021088033995834,1.1984129897154183,0.3373711856200168,0.924886358313155,1.3472558211486674,0.3412262009010103,1.430805542392135,0.7110983076205302,0.21636774698583183,0.18817867373171948,0.20311110712454994,0.2759408209156069,0.2726058224955876,0.2226818099374821,0.216151101133379,0.21809720390965026,0.20150158191914125,0.2130946421134281,0.23399718828851013,0.008146012018840132,0.007750350371738435,0.007823660227532336,0.008697130326710045,0.008012581298399546,0.007934612340925185,0.008682552622614192,0.008574286107569051,0.0077974642357085955,0.008274905902246665,0.008121486705116254,0.014073631443185075,0.014082549387370857,0.014077069115958185,0.014068326851991664,0.014072351333637823,0.014075891405496588,0.0140735689514071,0.014069579382746777,0.01407829718456366,0.014068995874728873,0.014070743156527676,0.0003720273827925169,0.000371683955405544,0.00037175851396220594,0.00037210842625290397,0.00037211640839673876,0.0003721237655094356,0.000372113583739786,0.00037201929286956315,0.0003718228423181813,0.00037194048553867987,0.00037217430443670096,0.36894298533652403,0.5187835767967703,1.373456141479115,1.103662724959917,0.618063791262967,0.06824986505682151,0.10671813578649214,0.24164482907183604,0.09430344304408678,0.8383993738877882,0.17359899324082706
59.0,3.758874647527698,2.850869642582131,5.602831337006671,4.774235947327134,5.0860539137162935,4.469375448335162,3.742940053626256,3.103583784904814,3.619170004198737,3.0881454268991653,4.2343571834625315,0.9604297396319916,0.517440241314846,1.4094875071504998,3.1236799745662225,1.2951740572204296,0.35971945721530396,0.9818835816685967,1.4462491650995468,0.3601554671063756,1.5485286473433457,0.7645157551912107,0.24347675164428395,0.20780069950857527,0.22675478424765982,0.320106861033465,0.3148059097088325,0.25095911576063923,0.243295978215869,0.24614762962744186,0.22441193610303323,0.23991108371599212,0.2656983892891649,0.009612557946641509,0.009089391313110706,0.00918746126063752,0.010353435559200985,0.00943598213754715,0.009329596996354717,0.01032486519135345,0.010187419261799668,0.009148568036863924,0.009791130765525402,0.009579606575210065,0.016360826349696378,0.016371768680124354,0.016365661456771985,0.016353490392457815,0.01635964514283872,0.016363971081923,0.016360403755898645,0.01635441700294127,0.01636731737694408,0.016354388217373117,0.016357335367918502,0.0004508937593308282,0.00045041773115350736,0.00045045428048506864,0.00045104445100419,0.0004510069654450888,0.0004510106825343918,0.00045109149843991503,0.00045091229317684167,0.00045063138652912116,0.00045076620663753175,0.00045105019950675285,0.333205988027661,0.48036133407934,1.3155557302985628,1.0547428566055395,0.5703981265835933,0.05252497772002185,0.09366169003119529,0.21217312666306665,0.07874694369095225,0.7919688757834873,0.14404503632411592
62.0,3.684830980191734,2.7781357276577054,5.501097629464033,4.647339303383317,4.970872708133889,4.479318373885094,3.7508767857800183,3.041034630244946,3.6353002791314126,3.0190976150126496,4.209280841551696,1.023483806636456,0.5480974935595428,1.5147901363632754,3.336859996324928,1.390486870354568,0.38165279867011126,1.0351686652599845,1.5418523469339296,0.37795236254334785,1.6644487783118267,0.8170279518060442,0.2724519660574676,0.22796052235683462,0.251627145827634,0.3696229813003602,0.3616567987995669,0.2812195954054486,0.27236109797479724,0.2763508043294838,0.24837777243319348,0.2686513517788498,0.30007993752555473,0.010187486708407967,0.009491901316370566,0.00968918233310534,0.011067371943476179,0.010009635720523047,0.00983746224820381,0.010951826468580173,0.010874689002001947,0.009609067588498998,0.010410100075855855,0.010180980777322102,0.020009307798498188,0.019940159494222343,0.02001559942063791,0.019983004763510337,0.0200672025324935,0.020043020230234188,0.019998919712573393,0.01991053343954219,0.020068338861780166,0.01999691155337935,0.02008038722093275,0.0005285662604661567,0.0005293777418824419,0.0005284463768151504,0.000528572072306055,0.0005280310495905383,0.0005287027089693197,0.0005289474445140385,0.00052918077732933,0.0005284220697689967,0.0005281356083139954,0.0005280598969497063,0.3000560966033925,0.4443164711659864,1.2593529942014912,1.0080887326344796,0.5254654937311418,0.03938516722299612,0.08212264916780976,0.1855442862735397,0.06482174321900125,0.7483985518739544,0.11764550208804803
65.0,3.6181393818373744,2.711658349618406,5.40339958710512,4.526076372803816,4.861036345368146,4.498094453862729,3.76329065413664,2.984953763594304,3.6575643284434736,2.9572417579235237,4.193807028321592,1.0844068308636245,0.5775589694151217,1.6184617532211387,3.5408229373058386,1.484039754705655,0.4031876953685476,1.0845928331569055,1.6337382362427055,0.39462591753401943,1.778131356217476,0.8685293469545918,0.30335941351143214,0.24861129842512142,0.2777693279652791,0.4249549273939026,0.41354931654282057,0.31349975795984353,0.30342030254602337,0.3088083412734992,0.2733884709711667,0.2994115724832218,0.3372477008304382,0.013103197884027473,0.012220983075517111,0.01238853154608277,0.01435079840669884,0.012812897484963948,0.012633162830068656,0.014312874756142957,0.014066902134795889,0.012327518592261555,0.013394579311565735,0.013052633310842943,0.02139647375846776,0.021419073347944906,0.02140587230098312,0.021384164321220478,0.021394867951667784,0.021401897400075143,0.021394568983235107,0.021386326475258954,0.0214076633964968,0.021384654944122783,0.021389737191557234,0.000637248950623448,0.0006365262801595328,0.0006366305354688073,0.0006373675416466718,0.0006373621216080316,0.0006375036466583772,0.0006375054526297497,0.000637274229621454,0.0006367954156116795,0.0006370151040315797,0.0006375948490093819,0.26939747449308715,0.4105638448300124,1.2049275422261956,0.9636639686717094,0.4831740825879516,0.028735134986907607,0.07206849290411554,0.16164410076744185,0.052486216607373404,0.7075929987621454,0.09427338616357428
68.0,3.5583998385368396,2.6513448436659957,5.309853494202385,4.41076947891571,4.756995767698011,4.52511946781732,3.7797046984393257,2.9349070040419383,3.6853961331491223,2.9021405205254838,4.187359004868927,1.143066948311644,0.60580660235376,1.7202477872253041,3.7349930487271044,1.575578207533288,0.42434391182163855,1.1300714868214867,1.7216689642058403,0.41019716541515594,1.8892152042480492,0.9189391145894454,0.3362963506749237,0.269726307281668,0.30520233663499496,0.4866432811736954,0.47084422532176884,0.3478966652789355,0.33659596100809486,0.34367398350694955,0.2994509078082146,0.3323122654973405,0.37737592979414813,0.015130110429033117,0.014009176720355399,0.014223012437116989,0.016741628651539386,0.014759702768089689,0.0145245247230954,0.016676120917793913,0.016372303950473732,0.014138828714364227,0.015517745641170144,0.015063408194733174,0.024150829250568773,0.02417501306755332,0.02416357550973247,0.024136235534066408,0.024150580905129004,0.024156876338770505,0.02414629341320218,0.024136824170215565,0.024164351853823707,0.024137051853933222,0.024143938166501844,0.0007451947809640203,0.0007442473152643458,0.0007441274634407691,0.0007454580398476018,0.0007453138906248213,0.0007454556465611439,0.0007457877260867996,0.0007452708695061538,0.0007446281923071396,0.0007448942507806144,0.0007454824882264788,0.24113484525321383,0.3790187564968086,1.1523303907849218,0.9214242756582318,0.44343156812235085,0.0204778895071005,0.06346186714868418,0.14035938748585242,0.041694155189783366,0.669455300636872,0.07380298176546951
71.0,3.5052386388005354,2.5971027931969215,5.220512823836663,4.3016369840443645,4.659068983374122,4.559848744162616,3.7996943416890487,2.8905066446111194,3.71828430514293,2.8533978558885624,4.189385588392538,1.1993707513905383,0.6328369341554518,1.8199481944045925,3.919009611051014,1.664899682456189,0.44514186899264896,1.1715732328997763,1.8054785241397298,0.42469589068909963,1.997411269302083,0.9681946062692948,0.37135537249315664,0.29127781184327173,0.33395691770228986,0.5552142317967612,0.5338884526972292,0.3844821688453175,0.37200229768165904,0.38109364422299885,0.3265699269456954,0.36747489530985344,0.4206089566144282,0.017351968308721766,0.015943708320651062,0.01621624168262903,0.019413566674526983,0.01688663056426032,0.01658090702835313,0.01930049344867646,0.018938014953177262,0.0160983370533212,0.017865492035363584,0.017266788631306262,0.027062270423847234,0.027092280936785507,0.02707572915401757,0.027041087350323068,0.02706007453520254,0.02707251046630521,0.02706101413245765,0.027042525418310426,0.02708100276064407,0.027042378866340755,0.02705305950810022,0.0008630713835806603,0.0008616287127622968,0.0008617582062475648,0.0008635611482468164,0.0008634043039035255,0.0008633467386136573,0.0008636596273539077,0.0008631491394055502,0.0008622262272601766,0.0008627367090774385,0.0008635303427300123,0.2151739718505956,0.34959736567733035,1.1015900416778397,0.8813195539539311,0.4061457567862208,0.01451578511973306,0.056261915993430556,0.12157856519747057,0.03239607175037307,0.6338880846884032,0.0561104016408569
74.0,3.4583079606407274,2.5488312015567427,5.135384166759794,4.1988148776175915,4.567467769812561,4.601774271723406,3.8228813189688267,2.8514067822282607,3.75576586254675,2.810654423637114,4.199361725413061,1.2532571051505759,0.65865773128156,1.9174092949496924,4.092690122737372,1.7518452951083985,0.46560054999935874,1.20911085433975,1.8850623516172615,0.438157980367726,2.102491877277606,1.0162470165064996,0.4086207530642838,0.31324162049809434,0.36406540038059365,0.6311766593268233,0.6030471438890279,0.4233374937269536,0.4097543311944456,0.4212091715581172,0.35474828579814144,0.405015213637661,0.46709785307721985,0.016615826869599726,0.015225081609552937,0.015583957418515038,0.01883008736357583,0.01623556228766887,0.0158197271621634,0.01832500649433122,0.01822407959555683,0.01538958986373995,0.017397481303630613,0.016578592395851466,0.037220846922306094,0.03687642732740404,0.037252996376408554,0.03693847110341064,0.037440946181307666,0.03739571372172312,0.03716733275786055,0.036699320872484176,0.03749283198399311,0.03699204784598109,0.03747706409147922,0.0009626349218958552,0.0009603702220926102,0.0009623300009415914,0.0009649994422575858,0.0009634648825036507,0.0009620518606592299,0.000962564746980199,0.0009636606852776453,0.0009612024697607247,0.000963520991964284,0.0009633850448773629,0.19142205545384705,0.32221703759661224,1.052717282792551,0.8432955130262578,0.37122513706823135,0.010751344171556987,0.050425318217195425,0.10519210691777925,0.02454024791277032,0.6007943310308934,0.0410740007002226
77.0,3.4172809389131764,2.5064136118199563,5.054425393472552,4.102373632295584,4.482314680414442,4.650421756758109,3.848929595323627,2.8172957830587793,3.7974181246373018,2.7735816745730038,4.216783420805367,1.3046914281172173,0.6832851586746802,2.01251580743236,4.255997516612378,1.8362929678908113,0.48573604627276445,1.242733216715206,1.960366952150654,0.4506233197102283,2.2042824396688854,1.0630576292398874,0.4481826040344621,0.3355964875694739,0.39556046429133485,0.7150304710245314,0.6786269483706859,0.46452746184473526,0.449970459853426,0.46416872784004237,0.38399207495611076,0.44505721614817695,0.5169722643198718,0.022579730841868262,0.020411938778723382,0.020829076278617187,0.025725125663841997,0.021879698244307022,0.021420462603811696,0.025610564464934704,0.024992730258818874,0.020670114937503037,0.023319060525554658,0.02246283117552128,0.03325958358915582,0.03330368214296131,0.03329149764612582,0.033228574673166644,0.03326613502500564,0.033268591394521874,0.033238282243859274,0.03322462300471196,0.03328348260760716,0.03322734056176113,0.03324817956482162,0.0011290758161006664,0.0011273465593926169,0.0011305386085225244,0.0011304401752254556,0.001130750882588849,0.0011280661073160836,0.001125846306397893,0.0011292275747809555,0.001127734008710135,0.0011316284372351326,0.0011304055009238034,0.16978805383198736,0.29679663022017166,1.0057089844712026,0.8072949358211403,0.338579325025981,0.009087902251472713,0.0459071207087316,0.09109288205273636,0.018073575779453677,0.5700779947803971,0.02857471728882066
80.0,3.381862962586621,2.4697283428112677,4.97758139672548,4.012336415851525,4.403684950799846,4.705357905872768,3.877534411904322,2.7879027458170285,3.8428633880742487,2.7418870692982624,4.241178632115577,1.3536278813644653,0.7066772503090024,2.105208098338407,4.408995213757185,1.9181387060488508,0.5055817544653962,1.2725263214790306,2.03134668886894,0.4621151306324922,2.302621622196279,1.1085675604520295,0.4901253913588661,0.3583238791233949,0.4284747258872379,0.8072433743581913,0.760911499877114,0.5081142192110475,0.49276830018494966,0.5101169467092515,0.4143062458390325,0.48772162085391013,0.5703537000933467,0.02556203504547172,0.022912266449422347,0.023423940672877563,0.029485762423319795,0.02469965705048116,0.024118710122833065,0.029291261086275444,0.02856576971928959,0.023210209545249327,0.026521229151002856,0.025410159618165284,0.03654664080994641,0.03660964242913112,0.03657008167077347,0.03650806747603008,0.036542738484897974,0.03656681618440283,0.03654556355880789,0.03651396764552706,0.03658054601416305,0.03650769620713845,0.03652850778722794,0.0012792723011321172,0.0012769728827528581,0.0012764710425416936,0.0012799227335724694,0.0012793674250635156,0.0012798551096198096,0.0012810308566661988,0.0012795818788267077,0.001277813649180004,0.0012785338542333768,0.001279910007438545,0.15018224515019085,0.27325760564057955,0.9605434865814093,0.7732615602220996,0.30811711651367624,0.009430112299208204,0.04266539982418749,0.07917557447525247,0.01294235694679724,0.541645574919225,0.018496939546897018
83.0,3.3517810172621196,2.4385887786095823,4.904824318619271,3.9286696037953877,4.331560735692433,4.766149700693672,3.9084343335873184,2.762986691913472,3.891755902735399,2.7152922398958115,4.272110743188946,1.4001329919090555,0.7289844803240042,2.195381264684131,4.551883656827482,1.997340373695622,0.5251048723025731,1.2985736673628079,2.0980885811239403,0.4727126060059428,2.3974799290476945,1.1528014539267417,0.5345288668653652,0.38140759907866784,0.46283989226692723,0.9082419128863153,0.8501431853647352,0.5541522595487507,0.538263744648579,0.5591947671374049,0.4456950399270636,0.5331266310743974,0.6273491136667824,0.028800804190990625,0.025587010690060197,0.026213651099058932,0.03364146558775971,0.02775348998907967,0.027026861789497758,0.03334325753382128,0.03249697236540605,0.025934260169539147,0.03002157883821699,0.028611361966842885,0.03997414859401793,0.04004229909263701,0.04000386232908104,0.03992790397744894,0.039971428353418936,0.03999884146747945,0.039970867822027856,0.039929077233139765,0.04001598138188056,0.03992694042220357,0.03995331247831846,0.0014390002067603547,0.001435506952235599,0.0014353178887653861,0.0014403930310842306,0.0014394230799839036,0.0014393072489466974,0.0014410591725808608,0.0014396887240772926,0.0014365425613949157,0.001438676795968874,0.0014399534912334921,0.13251922070955358,0.2515206142372626,0.9172134511517829,0.7411292901859672,0.2797561611215791,0.011684322723311436,0.04064530237266073,0.06934031265095264,0.00909223742546672,0.5154020625071736,0.010726122077032052
86.0,3.3267763970618214,2.412827185235032,4.836040450942012,3.851321053550535,4.265910174718807,4.832418422771059,3.9413891351424986,2.742328496850948,3.9437779689191483,2.6935493105536574,4.309145465253177,1.4441956199357486,0.75017656223058,2.283018531967167,4.684889110396703,2.073841798885394,0.5443281159257363,1.3210028262383333,2.160611511573407,0.4824421725012451,2.4887707132071935,1.1957110671747118,0.5814667450926563,0.4048334902693056,0.49868622044654654,1.0183994965548582,0.9465157838734117,0.6026872696504078,0.5865694247455706,0.6115374452915558,0.47816163405078793,0.5813864131771451,0.6880486089669122,0.032179495019257764,0.0283035569041008,0.029100544998656996,0.0381924857085254,0.030934052477120666,0.03000043305002853,0.037652085164152194,0.03675006020991001,0.02871306872576973,0.033793090625852784,0.03195884176148045,0.04356448634539056,0.043633868330533954,0.04359817942777422,0.04350460346725926,0.04356610183684184,0.043598370615259174,0.043558619119406394,0.043499305666165444,0.043620592905413424,0.04350387897763541,0.043545934401027164,0.0016070344223635402,0.0016046176631503428,0.0016042963382361108,0.001608399959617035,0.0016058811439410015,0.0016072559488362614,0.0016105971559765564,0.0016090776399511064,0.0016057305150161127,0.0016065428095068945,0.0016073947844947867,0.11671366085344603,0.2315111526677205,0.8756819095729913,0.7108402564448326,0.2534086601057908,0.01575888031484718,0.039805178781564976,0.06148738592847103,0.0064696948355429384,0.49125789939692677,0.00515313293007269
89.0,3.306608638259807,2.392239788792893,4.771134965374525,3.7802068376277633,4.206657077523067,4.903799847827136,3.9761898912178424,2.725731742718093,3.9986394260037663,2.6764246280526276,4.351877953867395,1.4858448057610096,0.7702843879226262,2.3680967476658954,4.8083036018742735,2.1476149491411056,0.5632501346076468,1.3399458697191924,2.218986254993025,0.49134662995037104,2.5764634003809084,1.2372742532091263,0.6310054767799,0.42858929949242697,0.5360419024700058,1.138024598145643,1.0501674504977392,0.6537550427664875,0.6377932837440898,0.6672726731944318,0.5117077924845757,0.6326096726746719,0.7525232214067588,0.03491829529466006,0.030328255252656255,0.031368683400995856,0.041307255480758975,0.03365248686516242,0.032633352816722194,0.040892577490565074,0.03975042326197009,0.031045109231805146,0.03637291275275745,0.03486344941820363,0.04777579885687455,0.04784398228900688,0.04781963668938927,0.04767981815978173,0.04781388006494591,0.04785320574755403,0.047759882406671395,0.04762772813985672,0.04788832686891675,0.04767997557767423,0.047793733037469366,0.0017769812558277032,0.001777118836349345,0.0017731812841916827,0.0017778608148515396,0.0017741487057243432,0.001778266701106812,0.0017820716101568657,0.0017805019052192783,0.0017757319973892294,0.0017751060948332231,0.001776893005350999,0.10268340708107182,0.2131559073342384,0.835914089678143,0.682333735939106,0.22899137989122753,0.02156434389764339,0.04009917929889362,0.05552105278140296,0.005021516217637689,0.46912469387378763,0.0016712927647852815
92.0,3.2910608335120344,2.3766030108113503,4.710008514410427,3.7152216129576088,4.153697503922844,4.979952571183947,4.01265053079025,2.7130271998865307,4.056078436184111,2.663705210977759,4.399927043793616,1.5251179168047457,0.789339555589339,2.4506047102139172,4.922456019992573,2.2186455265021854,0.5818652378333566,1.3555446316405373,2.273299980110093,0.4994676531640452,2.660550011564089,1.2774697407315805,0.6832030834692988,0.45266446812570527,0.5749326258899186,1.26734941300491,1.161174708580187,0.7073805726893756,0.6920370748803348,0.7265186577157587,0.5463336097514415,0.6868982256011114,0.8208230686536537,0.040552434817121785,0.03504679335648708,0.03610721008473394,0.04888121977645232,0.038787336855753196,0.03755662099235657,0.04847370348784619,0.04689335876334688,0.035661332358857045,0.0425704055813636,0.04025696203053197,0.050884796633279716,0.05099339814625958,0.050959608984212146,0.05080970429911602,0.05090674956881314,0.0509142968927252,0.05083649078508179,0.05079486616780571,0.050946290749904755,0.0507991301165065,0.050858728144509424,0.001980582590757063,0.0019753824935109243,0.0019839775444325802,0.0019850194548629574,0.0019849355668224433,0.0019774143220399054,0.0019724567962695616,0.001981851834887305,0.0019759732052406775,0.0019882879961135025,0.0019842991152776435,0.09034878446971595,0.19638378140248758,0.7978712059838973,0.6555494034884752,0.20642330331202796,0.029013642491055425,0.04148200396124535,0.05134863788581967,0.004695294563799912,0.4489164931030043,0.00017723513850098627
95.0,3.2799341227878878,2.365628210167597,4.652547363227308,3.656250685556622,4.106916964483164,5.0605614146495235,4.050584359141755,2.704060077117556,4.115863930718945,2.65519831340873,4.452928261656318,1.5620586236235257,0.8073737124853664,2.530540214467547,5.0276999859834115,2.2869302747402975,0.6001637857770481,1.3679476636219379,2.3236521963998436,0.506845451795237,2.741041168621743,1.3162766355993005,0.738108049538821,0.4770499491950768,0.615381079570315,1.4065194429427188,1.2795473416617411,0.7635772288647695,0.7493948843583462,0.7893822571251912,0.5820372392004409,0.7443456157201105,0.8929756870353591,0.04514186437136125,0.038636392622600546,0.03989794468777719,0.05519135119783147,0.04304338414818387,0.04153794874325989,0.05455702785489969,0.0527742358295491,0.039322250058317465,0.047674259927715124,0.04477190171171763,0.05471212278030002,0.05486049441006102,0.05476593351285963,0.05462367557636938,0.05471415989084871,0.054765719958564496,0.05470841806997484,0.054628622615640055,0.05479363109629354,0.054612209202947515,0.05467288470310505,0.0021869982805626798,0.0021804086074919127,0.002178827353048085,0.0021896016346949487,0.002186790532699767,0.0021876124359336835,0.002192671768575849,0.0021889445961953413,0.002182094784350941,0.0021862011411935,0.0021885300452355594,0.07963260382781501,0.18112588810430807,0.7615114618527175,0.630427588104058,0.18562567371907113,0.03802218548366687,0.04390910749496246,0.048880524959407534,0.005439623729222021,0.4305498225605273,0.0005709241610096782
98.0,3.2730329543451973,2.3591579861195813,4.59866791629116,3.6031424370385734,4.066146938203717,5.1453122249151075,4.089898373451113,2.698700603910646,4.177758478470625,2.650703697140626,4.5105436142700714,1.596715262199484,0.8244180824529468,2.6079076949312174,5.124404094278865,2.352474774532216,0.6181326839917323,1.3773077246537158,2.370151421038118,0.5135185619382354,2.8179626831818427,1.3536741968473587,0.7957583032752562,0.50173802455339,0.6574065046185531,1.555584461851013,1.405224545247969,0.8223460707654375,0.8099516769860333,0.8559571882469106,0.6188146502948428,0.8050357926926712,0.9689846853085169,0.050066575457802465,0.04242741486900092,0.043924629142145566,0.06208884085292077,0.047598688214359974,0.045774844964062034,0.06116604688393856,0.05917127634828301,0.04319784897000911,0.053198898602755396,0.04961830234637166,0.05866516400386157,0.05881816327417422,0.058731649317140366,0.05856321948537424,0.058672157165289285,0.058728008598961434,0.05865585115282368,0.05855427119830292,0.058761600098227174,0.05854840237323966,0.058621715345228864,0.0023975791379617917,0.002392764197217012,0.0023917180690489204,0.002400511762163493,0.0023950203683140714,0.002397869407329445,0.0024053665486736264,0.0024017911647860046,0.0023948802181243956,0.002396648180450711,0.0023981836201727447,0.07046019264506942,0.16731559133445373,0.7267908591231254,0.6069095259160502,0.16652206910754774,0.04850793192092828,0.04733681847191029,0.04803015915242348,0.0072042450880265285,0.41394377047179454,0.0027556468819280866
101.0,3.2701868724545555,2.356884772908525,4.548255642622516,3.5557587492576195,4.031241838751941,5.233925903147108,4.130445822576833,2.696825879007445,4.24157117042338,2.6500526659294255,4.572445695110288,1.6291395203113357,0.8405031393505302,2.6827163809649024,5.212944164473381,2.415291655671208,0.635755940770808,1.3837797254571749,2.412912462504886,0.5195237370118999,2.89135266218975,1.3896418210064598,0.8561803253260889,0.5267221507368798,0.7010243035723551,1.7144913285964343,1.5380725286557015,0.8836753314776993,0.8737819132278966,0.9263223629865411,0.6566594347455501,0.869041896241078,1.048828760933814,0.05514736096615014,0.04622706176511571,0.048043016096387614,0.06960159389392118,0.052289043154711834,0.05004349893670046,0.06811512054339186,0.06603341997171075,0.047102118694592576,0.05912484665837425,0.054625157560748594,0.06274571158416453,0.06290620367434707,0.06282203508079265,0.06262448294544543,0.06276685335609011,0.0628250999293547,0.06273210857688216,0.06260296095867401,0.06286520257970984,0.0626069713732349,0.0627075961767738,0.0026219733267880407,0.0026158872993455873,0.002614969589227023,0.0026259683719960236,0.0026189048485800726,0.002622052985128853,0.0026313553685626268,0.0026275138760558647,0.00261834165139474,0.00262121771524626,0.002622705415255666,0.06275938107152212,0.1548884932904233,0.6936638577224414,0.5849375262509136,0.14903842137597856,0.06039142955800969,0.05172244361986289,0.04871401427380828,0.0099401562967385,0.39902000197168164,0.006637986417446395
104.0,3.2712336518359693,2.358543682808278,4.501206573186341,3.5139452161403946,4.002032985732274,5.326133724866846,4.17212151046661,2.698328479697433,4.307119242263907,2.6530793691236143,4.638326575120626,1.659414331220792,0.8557227829919078,2.7551138313514323,5.293716522980658,2.4754453165274715,0.6529863333615848,1.3875041822090806,2.4521211192780146,0.5248973735656048,2.961238761389806,1.4241671413515622,0.919396898847241,0.5519828697461855,0.7462459339937988,1.8830684093106775,1.6778540124060317,0.9475564213051899,0.9409558365554211,1.0005414630244598,0.6955727831528526,0.9364310305190573,1.1324401498613392,0.044004990402431776,0.03731694143167008,0.038874848925396055,0.05521865143243243,0.04218664665259286,0.04028989137156991,0.052932310181221354,0.05195131091285088,0.03810870200182892,0.04779823787796911,0.043843114574022124,0.10890805552924476,0.10011308122020823,0.1088790052560955,0.10555726898404316,0.11400891844862837,0.1112062630781625,0.10789321703809396,0.09998426660704318,0.1130565995825421,0.10677896273610887,0.11530885828355819,0.002711883075591004,0.002707387564085728,0.0027078780751348397,0.0027452687302966794,0.0027079461447119257,0.0027043733880853793,0.0027181728912708536,0.002733288341393525,0.0027023027377186537,0.0027387119392789927,0.0027099618787107538,0.056460478769634115,0.14378241517547075,0.6620839119302917,0.5644551007571263,0.13310302232524718,0.07359582905605144,0.05702433880972979,0.05085154935849889,0.013599689293630757,0.38570275877288784,0.01212777955335742
107.0,3.2760220496785912,2.363870963083453,4.457418889080868,3.4775413080662503,3.978343755365998,5.421681558250817,4.214837454915289,2.703112156431864,4.374235883007146,2.659626394458363,4.707894120708547,1.6875420923310025,0.8699774242627578,2.824854057561006,5.36705954457013,2.5328715856774853,0.6698620348210871,1.3886651646461678,2.4877705972221187,0.5296718279405521,3.027719942878515,1.4572169825375103,0.9853939341831115,0.5775423354344569,0.7930803248962661,2.0610640054393197,1.8243448086090148,1.0139195345461554,1.011509608591374,1.0786581947982978,0.7355239078253621,1.0072410025947076,1.2197857824113063,0.06766005156180643,0.05565172067012325,0.05794935580939509,0.08634824707739908,0.0638858356921963,0.061141522604835075,0.08541672128354572,0.08177743012278116,0.05697640831480033,0.07213069645068604,0.0670813960593919,0.07101880136759897,0.07124993549966785,0.07112025784561471,0.07086508585676432,0.07104118565985384,0.07111681647045076,0.07099918186922949,0.07084271049308288,0.07115830776443799,0.07082466534489607,0.07095119059356492,0.0031125630453558983,0.003106312678375023,0.0031141539998165157,0.0031149230556213325,0.00311950631532687,0.003109956512700851,0.0031054847917633133,0.0031086053635758226,0.003107918242387875,0.003121330821896251,0.0031192679923712774,0.051496240270673344,0.13393736678764911,0.6320039070253225,0.5454070579986863,0.11864651404318449,0.08804687867257366,0.06320195695047648,0.054365154292887574,0.01813656357665261,0.3739188411554899,0.01913806235363591
110.0,3.284410550734825,2.3726073354265527,4.416792749763598,3.446382032555845,3.9599915965608723,5.520329050040988,4.258520704512857,2.7110901292569682,4.442768901286874,2.6695436217800346,4.780871275994001,1.7136037085972888,0.8833576019895717,2.8920794230133273,5.433355763827561,2.5876377778446713,0.6863329075440161,1.387400894852342,2.520044495336309,0.5338781171703633,3.090835740083766,1.4887780605572654,1.0541669433429495,0.6033843391944171,0.8415279880815913,2.2480880782949666,1.9771673712061366,1.0827282475002162,1.0854850984392224,1.160699225417746,0.7765078082057997,1.0815114607527363,1.310749149483284,0.074586022050799,0.06069483966365574,0.06338335502141623,0.09687175871392562,0.07016684095474268,0.06682383377794121,0.09531179371138432,0.09136757324973832,0.06210160062064718,0.08023448822768753,0.07382428667579832,0.07520508727471409,0.07549467540733046,0.07532146580583543,0.07503755326245143,0.07524201420505161,0.07531855764917461,0.07518513214351374,0.07501931696753994,0.07536424764464256,0.07499070909269401,0.0751372787671003,0.0033678006307598096,0.00335257300488756,0.0033702276618039484,0.003384409573969016,0.003376231965753984,0.0033563242242564684,0.0033554326421021408,0.0033750037576241176,0.003356069150882046,0.003390581741186338,0.0033736702297124666,0.04780183959429429,0.1252953285809668,0.6033801544188346,0.527738051190016,0.10560206019551055,0.10367290746113733,0.07021570716427572,0.05918008779364747,0.02350583746072976,0.3635971065418828,0.027584899061076307
113.0,3.2962663089826867,2.384501657088567,4.379230823073096,3.4202993210746078,3.9467898458029484,5.621848572487174,4.303112389944131,2.7221835985198473,4.512579569126788,2.682687313430762,4.856995178465041,1.7376558951911902,0.8958894534108275,2.9568074849632997,5.492962073413727,2.6397730883174586,0.7023772169797082,1.3838612265451622,2.5490649128532183,0.5375459903926849,3.1506527447540744,1.5188325727727836,1.125690642170416,0.6295061476947472,0.8915863148236913,2.4436531425405454,2.1359045465197397,1.1539178481125223,1.1629030025411495,1.2466711691942907,0.8185076153637278,1.1592628353919143,1.4052073860356273,0.0818594970712141,0.06594643168878589,0.0690313407586487,0.10785060521039291,0.07674526713660601,0.0728155524225631,0.10569541648031322,0.10141510012505117,0.06745556457617408,0.08871457419144724,0.08093377550185776,0.07955419435479127,0.07984447180309973,0.07968115968896416,0.07936737127771876,0.07959353457309604,0.07969050454244275,0.07953093461656069,0.07932571978540048,0.07974206742554912,0.07930951142991516,0.07947647802362745,0.0036355108649850365,0.0036261627328917356,0.003624581522075676,0.003643050190997865,0.0036292312862373777,0.00363497006861202,0.003652762560854228,0.003645679548544223,0.0036302324326928925,0.003634410260669796,0.003636037684342064,0.04531473544012776,0.11780097042941451,0.5761578298405716,0.5113988106770622,0.09390446663895746,0.12040477935276783,0.07802775146831209,0.06522439765521248,0.02966419624304306,0.35467036629301685,0.03738767146878441
116.0,3.311453965519419,2.3993081786542367,4.344654138751287,3.399120199379752,3.9385754386080496,5.72601522590837,4.3485995796846435,2.736316018346896,4.583524081942913,2.6989173733729075,4.936018069370483,1.7597553904206276,0.9075980242783754,3.0190565796613766,5.546223968769491,2.68930909947102,0.7179731592156191,1.3781926023789337,2.574953027672051,0.5407036518616537,3.2072410998034906,1.5473642593726922,1.1999260050398175,0.6559057812253561,0.9432476911221337,2.647171437585217,2.300078536521803,1.2274107671115564,1.2437682094052094,1.3365602900769562,0.8615037301818385,1.2405006923125885,1.5030136436931998,0.0894214284275705,0.07124428646220426,0.07484060176805407,0.1198551503799683,0.08358448341259717,0.07894388190943147,0.11679298290988882,0.11223271295870152,0.07291940211093184,0.09774414577781787,0.08834551027299309,0.08397354654534661,0.08428782577093186,0.08411398913009016,0.08376252839353748,0.08403158173487935,0.08413705039941455,0.08394676209510399,0.08370398569496773,0.0841935616823517,0.08369332609153801,0.08389814774413296,0.003919533624757943,0.003906638411207641,0.0039033806256827397,0.003928650289742208,0.0039120900461604435,0.003919559772477932,0.0039408699863114904,0.0039323208444046465,0.003911412442782591,0.003918204599824282,0.003920767080008769,0.04397476589458815,0.11140037795124913,0.5502939549070289,0.49633671526901146,0.08349153989804581,0.13817586728204745,0.08660066483790718,0.0724288858739568,0.036569633540183055,0.34707233651344227,0.04846855981769593
119.0,3.329874069362523,2.416811230038314,4.312941139742129,3.382680486750966,3.935106270893145,5.832642955172123,4.394883912279861,2.7534288078001086,4.655521806849611,2.7181047997927044,5.017698886991,1.7799586992221794,0.918507337017056,3.0788456616916937,5.593474330039392,2.7362793938207886,0.7330993315948642,1.3705375700823907,2.5978284837141485,0.5433778795405364,3.2606735598686543,1.574358757924157,1.276820239187102,0.6825819356243272,0.9964993750095785,2.857963897190391,2.4691578762935618,1.3031170167270023,1.3280691448736892,1.4303320710355587,0.905473808879222,1.3252153745181063,1.6039983790767476,0.0969333624683153,0.0764069779725487,0.08062386799844212,0.13255059761075394,0.09041790505830072,0.08481848627045041,0.1275850579308866,0.12338980792833443,0.07811314172133521,0.10741602875275724,0.09570162307097707,0.08855745249049374,0.0888571433988341,0.08871415397555582,0.08831009250689537,0.08866261244723805,0.08875601594554938,0.08851522585776417,0.08821233145090623,0.088824506067819,0.08823201338314712,0.08850955940792637,0.004211760394738917,0.004196051595147132,0.004192865906543997,0.004224165226859089,0.004202852855913264,0.004210821510685303,0.00423695711541594,0.004228513465735162,0.004201065736101128,0.004211639844172499,0.0042130341880728395,0.04372397369001968,0.10604187292155665,0.5257420821448275,0.4825022377954622,0.07430301684705931,0.1569219942952178,0.09589846257596868,0.08072699131144656,0.04418160888645417,0.3407396513908325,0.06075270318151915
122.0,3.351406458714346,2.436794216569714,4.284016855967147,3.370806309612401,3.9362173296831147,5.941528538815072,4.441974303705466,2.7734558323868774,4.728452770790241,2.7401194896722654,5.101816293553366,1.798321911450771,0.9286404757945066,3.1361942549413557,5.6350326659538075,2.7807192683910187,0.7477351511540586,1.3610344277819442,2.617808942365014,0.5455941467166991,3.3110247279235194,1.5998039318521062,1.3563069251067117,0.7095339170622905,1.0513234252998331,3.075271603252148,2.642565538153878,1.3809347763905553,1.4157773067365578,1.527931065597163,0.9503927775114098,1.4133818325271141,1.7079709773260845,0.06098111651651905,0.048199703998137,0.05065175752878659,0.08150903015790778,0.057441371197799906,0.05439381368609553,0.08004176473243696,0.07557101179637815,0.050019552849263516,0.06550115381753496,0.06061794007745691,0.0732921467208345,0.07338852276723173,0.07332523671600466,0.07324169143117087,0.07334347403566799,0.07337139514329705,0.07327752921047237,0.07319812078573751,0.07335333755770845,0.07315778979412668,0.0732644593980547,0.003250486718878065,0.0032444853477739954,0.0032446147097697775,0.0032567506365213106,0.0032481929006138444,0.003249064108144406,0.0032584677369236204,0.0032555475745028595,0.0032463550372563432,0.003251495287555972,0.003250726473329024,0.04450657995421414,0.10167572291788307,0.502456410484089,0.46984730243234685,0.06628079871168557,0.17658138113743505,0.10588629220097712,0.09005473063688285,0.05246100537165832,0.3356112684596395,0.0741680700729761
125.0,3.37594081771908,2.459062079186302,4.257796203969752,3.363325425317247,3.941715730461228,6.0524852361793355,4.489855900410231,2.7963367099823957,4.802219911812812,2.764834751991019,5.188154516657071,1.8148473507273155,0.9379714998115363,3.1911543845816492,5.671171633702102,2.8226233319597682,0.7618505317905933,1.3498427393316725,2.634957813457448,0.5473580524465449,3.358327579927183,1.6236815239081448,1.4383063452548859,0.7367616018343206,1.107696699557967,3.2982693674806196,2.8196879416291663,1.4607511377785682,1.506847024880381,1.629281065150094,0.9962328913460867,1.504959670296738,1.814721704913742,0.11677919281303639,0.09020082777210625,0.09527711370580905,0.1597172726860605,0.10858900674619276,0.1022354029468282,0.15716831650362018,0.14891118906278855,0.09302482315351845,0.12720763788137335,0.11564063921619816,0.09761076474240227,0.09803993087366658,0.0978088417778964,0.09731383178182185,0.09772533591888699,0.09784934033510329,0.09755636100247544,0.09720724543172654,0.09790398476168871,0.09717291796538285,0.09750674742697552,0.004832834692336974,0.004825326913495687,0.004814703308962276,0.004842009859462149,0.004823088888548099,0.004830690614924027,0.004859423361416759,0.0048452774025276035,0.004823560227580348,0.00483374484463317,0.004830999479327414,0.046268921288822984,0.09825408415492065,0.4803919247826163,0.4583252871006862,0.0593688991025787,0.1970945840659506,0.11653041149283361,0.10035061732186534,0.06137010940859433,0.33162840860815423,0.08864537469025491
128.0,3.4033751428279695,2.4834365387035344,4.234195856362411,3.360069377179467,3.951412622432401,6.165337640094041,4.538524682985372,2.822014604936689,4.876738463546232,2.79213035303464,5.276511486954515,1.8296961808981127,0.9466180031327465,3.243682388124489,5.702249414135283,2.862114214660927,0.7754488640356061,1.337040419544715,2.649491577832288,0.5487300146516527,3.402744385472014,1.6460019409901405,1.5227259292655857,0.7642653942219848,1.1655908748423842,3.5260808008306617,2.9998844395167383,1.5424429302959952,1.6012153905079733,1.7342855097093581,1.042963796689373,1.5998933431046827,1.9240238583896838,0.12770677263702845,0.09760920307827137,0.1033602812694534,0.17820143209946337,0.1182013279846692,0.11062940778355745,0.17416853677069222,0.16540190994257253,0.10042336676338648,0.1407530319516166,0.12607761830648423,0.10212395496251503,0.10264897923400884,0.10232670582479386,0.10181041624783171,0.10225024636034341,0.10239761942843817,0.10208864531059891,0.10171910145840224,0.10244890821767116,0.10164860067079173,0.10200677863494612,0.005165408640738445,0.005146754093121153,0.005141971464099004,0.005181526111771362,0.0051522018296612515,0.005163927940073254,0.005201099897627959,0.005187090908529424,0.005153920317082505,0.005164612104808786,0.005166220894020412,0.04895938809555744,0.09573094260894344,0.45950445239825255,0.44789098974138675,0.05351338820692941,0.21840443951347677,0.12779818031583634,0.11155559175605845,0.0708725870230551,0.32873448786062953,0.10411799621486928
131.0,3.433609785158385,2.5097563521548145,4.213135453316401,3.36087038320645,3.965119710033272,6.279918159265064,4.5879838554840555,2.8504337562026696,4.951930887957219,2.8218884729860436,5.36669430855734,1.8428698473652383,0.9545530573513972,3.2938321633626644,5.728511241392667,2.8991891692715033,0.7885033851361789,1.3227772538536198,2.6614689001533165,0.5497138428358439,3.44430937636915,1.6667526636917795,1.6094609018163366,0.7920462111066655,1.2249725494596437,3.7577945256812333,3.1824971856185487,1.6258777018748636,1.6988024516766504,1.842828243402073,1.0905526456500163,1.6981125942693165,2.03563619113329,0.13868168951237525,0.10489550979880491,0.11139700937837205,0.19675583396391394,0.12794971651058695,0.11917573846004048,0.19114838823497982,0.1819309255069279,0.1078138011451335,0.1542799727288262,0.13674059968926278,0.10674635732400617,0.10734573604656905,0.1069872336428297,0.10642240026096328,0.10693057142375961,0.10704955692634854,0.10669822941718277,0.10629442749831153,0.10710667182173239,0.10623382906795698,0.10665173364530345,0.005508919170246429,0.005486422712590144,0.005481699954813735,0.0055289019662900785,0.005493763356881232,0.00550664350136465,0.005549994629354682,0.005534927505341791,0.005494523080373348,0.00550843489367292,0.005509833665223063,0.05252835977477499,0.09406205580124682,0.4397507750333385,0.4385006276561709,0.048662337573944114,0.2404559942014104,0.13965802551907514,0.12361293662766215,0.0809334546357583,0.32687505626975,0.12052189340243658
134.0,3.466570252493913,2.537916020854661,4.19452557298729,3.3655582039188183,3.9826231044037725,6.396068034881289,4.638200304810422,2.881549006759102,5.027767250318469,2.8540021042233343,5.458529736419365,1.854421830387749,0.9617968454842529,3.341626198835561,5.7502218277208295,2.9338886649242313,0.8009998491013626,1.307172888650181,2.6709971407310285,0.5503308823628661,3.4830994108301727,1.6859328845645605,1.6983910864408305,0.8201423898154236,1.2858141125769529,3.9924728029393255,3.366845458129678,1.710920230581244,1.7995102772086553,1.9547622976544687,1.1389518422179425,1.799532842369299,2.149306766162616,0.15014428702215765,0.11235667423833862,0.11972934297564208,0.21656981479328596,0.1381232216408157,0.12798454879661447,0.20897261449142945,0.1994271159989216,0.11542758718794666,0.1686756826620508,0.1478877506068219,0.11155566635789693,0.11210949746992593,0.11180582135131045,0.1112010410123192,0.11175442706081862,0.11191101192738628,0.11149354603484873,0.11100877090035777,0.11197072109442452,0.11097821135086328,0.11144854124783432,0.005867969047420818,0.005838254811994847,0.005831701793892918,0.005892438173971559,0.00585108348278407,0.005865152180429156,0.0059172115051140395,0.005898939505309286,0.005847328640353311,0.0058682023731178035,0.005869995574624642,0.05692814236280608,0.09320489410741395,0.42108866573260695,0.43011180382743497,0.044765762609362714,0.26319644379313756,0.1520794216410457,0.13646820452173536,0.09151904842124203,0.3259977304032273,0.13779552337198542
137.0,3.502119535304097,2.5677087214738994,4.1783133727532356,3.3739773528276706,4.003792373459265,6.513631340177967,4.68927420077343,2.9152861739931772,5.104105046138953,2.888344214512945,5.55182415523903,1.864405024107565,0.9683691842806752,3.387087977163039,5.76763290496459,2.966254331813971,0.8129261245678343,1.2903421368607604,2.678181010479239,0.5506017818401099,3.51919121362108,1.703545001912068,1.7893970507350137,0.8484831978650895,1.348052281053251,4.229199634657706,3.552297118033133,1.79741159553831,1.9032285858188924,2.0699585951210566,1.1881479016020395,1.9040553180990347,2.2647703098647294,0.16163389856884747,0.11967582869666993,0.12806620943453417,0.2376105731709206,0.1482978994635955,0.13654484950581214,0.22681060060382574,0.21766812666049162,0.12283587419140662,0.18402924657820563,0.1590372058719658,0.11639859711495548,0.11696207479372767,0.11666547894854062,0.11600862572365234,0.11666165607478707,0.1168162606864831,0.11632652339498417,0.11576059025983554,0.11687853587994024,0.11575308881778312,0.11632150918649753,0.0062351640899445115,0.006200248625409799,0.006193658425619031,0.006266226924606322,0.006215505480137384,0.006230296012321723,0.00629210195177432,0.006273517132582285,0.006209618980519416,0.006237883358351404,0.006237138549528787,0.0621129060109058,0.09311858302216303,0.40347693418104713,0.422683481717109,0.04177556546054939,0.2865750672507237,0.16503286314481613,0.15006914227266988,0.10259699109413889,0.32605212860657407,0.15587975994507586
140.0,3.54018667871828,2.599061592140552,4.164415876012402,3.38596376005066,4.0284204979995994,6.632464788797905,4.741183831611527,2.9515997235938194,5.180926580893296,2.9248138344787376,5.64642073340654,1.872871590704135,0.974289458347104,3.430242148916578,5.780983597599823,2.996328813901128,0.8242722834216454,1.2723951047699122,2.6831224306331736,0.5505464857376108,3.5526610650660118,1.7195946735445933,1.882338796170337,0.8771064568135172,1.4116487109692812,4.467049213390385,3.7381841275635255,1.8852032528523832,2.009828220341272,2.188238315181943,1.2380894289294524,2.011570874006465,2.3817586346595974,0.16817413136459702,0.1233890291091253,0.13314392930994634,0.2551279732575389,0.1542533997645772,0.1403869425377251,0.2354885581412436,0.23096074325448823,0.1263484942027695,0.19801582121112737,0.16544510456340866,0.1218141658088423,0.12215085155370886,0.12207363683880956,0.12124678400065614,0.12221002808959458,0.1224359664813166,0.12173207097419247,0.12081153366963049,0.12252110301304375,0.1209805772690844,0.12188146192930116,0.0065989791083973515,0.006565818670754897,0.006567954207707505,0.0066501519271402465,0.006582337889374568,0.006582827320912088,0.0066438228881455785,0.006646414158153924,0.006565732575739336,0.006618740601499251,0.006596965370722518,0.06803862968035279,0.09376383938676458,0.3868751098332335,0.416175801739322,0.039645561500651016,0.31054308605036063,0.17848972100855542,0.16436562166659696,0.11413787287083244,0.32698973555543986,0.17471777785827314
143.0,3.5806815488556243,2.631876670271925,4.152762895825652,3.401359665511853,4.0563292343739645,6.752429456711967,4.793952892118549,2.99043389651,5.258180714886997,2.9633050421263865,5.74216166923493,1.8798730108499617,0.9795767306272829,3.4711146278295124,5.7905009705610455,3.024155749264996,0.8350306772679339,1.253437247179412,2.685920602955747,0.5501843342309143,3.583584682644647,1.734090827644179,1.977071273312211,0.906014791803821,1.4765511247664778,4.705131509132901,3.923872938341636,1.9741363733527062,2.1191667742351648,2.309419182349978,1.2887347113524283,2.1219577833340617,2.499998172287449,0.15570281510573736,0.10373742774613826,0.12304126393482351,0.23526062880247656,0.1469616608848492,0.12565545686082302,0.20699855456145233,0.21243716906944687,0.11227884927167953,0.18323923090848693,0.15918822090120743,0.12881436974611526,0.12898198428285923,0.12918251372532907,0.1280385438192284,0.13006172109532654,0.13007382312515325,0.1284507775769992,0.12680077869481865,0.1304024022301684,0.12785973555247754,0.12987088069035524,0.006888561088200351,0.006856863244123268,0.006856346612551523,0.006931295888789268,0.006860568651974486,0.0068654153118790084,0.006928309940884336,0.0069499657537539505,0.006837971446948199,0.0068967541833435675,0.006872873000200119,0.074663015643476,0.09510294240032424,0.37124485867081214,0.41055067969092285,0.03833109152000658,0.3350538918866377,0.19242269831868075,0.1793095514140015,0.12610852112166837,0.32876413189754894,0.19425512049794325
146.0,3.623487267557305,2.665944750338632,4.143263481133294,3.4200185730629373,4.087351840340881,6.873405505634395,4.847664584249534,3.031710795075444,5.33578458736087,3.0036744286934027,5.838874911158148,1.8854600985206371,0.9842498067516248,3.509732679639641,5.796400581612859,3.049779726298305,0.8451959711744594,1.23356946305605,2.6866720590144277,0.5495341303597479,3.6120371058802503,1.7470456324749262,2.073447724634474,0.9351693238954346,1.5426856254289731,4.942602630194105,4.108768674564785,2.0640436891454854,2.231089916403773,2.433322731465381,1.3400552436215127,2.235089238234232,2.6192118580119796,0.20609854123867155,0.14791873628426577,0.1588123689116041,0.30571895363642865,0.18817021767146658,0.1734082874920655,0.29800320522186574,0.279908880405638,0.1534006899968654,0.23139343182363437,0.2035222229239353,0.13098804824720212,0.13173286262347794,0.1313372292753181,0.13050374596496006,0.1313837176792143,0.13153983003043068,0.1308678021866272,0.13014340157376658,0.13155743507058393,0.1300611549461923,0.1308644290808112,0.007410443831417979,0.007381201495990641,0.007361485058578587,0.007442168947549455,0.007385906037427503,0.0074029852058763446,0.007480169441808293,0.007449638490216959,0.007381657322762081,0.007416305084933406,0.007408482359110735,0.08194546926854684,0.09709963985888503,0.3565478751713851,0.4057708083554834,0.037789456527624665,0.36006255935229836,0.20680505379238845,0.1948548315666767,0.1384817577849451,0.3313304761843341,0.21443939881235785
149.0,3.668586318648396,2.701537348887026,4.135917895055733,3.441769541112458,4.121332809117849,6.995228934584922,4.902221832494945,3.0754210856842383,5.41380033384608,3.0459172032955864,5.936476203273906,1.8896830159553146,0.9883272901232076,3.5461249888627977,5.798887046805801,3.0732462376581715,0.8547651447307536,1.2128882065930324,2.685470720044054,0.5486141980705228,3.638092607538259,1.7584744297526678,2.1712923974317424,0.9646989341935397,1.610044272088706,5.178650563860293,4.292258613350937,2.154774398372648,2.345426458737592,2.5596954018379305,1.3919604949159439,2.3508086088682587,2.739131607272161,0.22300359876721432,0.15847752857091368,0.17054593965981812,0.337486901728981,0.20265036402758074,0.18557423754578695,0.32645465967629317,0.30766883611963314,0.1637853058232306,0.2536686997512705,0.21946865098913992,0.13581642716404563,0.13662450429035378,0.13618723533415444,0.13533913587668112,0.1362789913124245,0.1364174231126727,0.13569500386910915,0.1349348565311912,0.1364258352346006,0.1348367795473404,0.13570522993522527,0.007833276298537584,0.007785649215539703,0.0077763869657325735,0.007879865404757158,0.007803055032512329,0.007824182011145986,0.007919136437182672,0.00788912496055394,0.0077992857093285295,0.007838663571575033,0.007834620210060095,0.0898464798389238,0.09971950522989292,0.3427471703841922,0.401799742038512,0.037979897260524975,0.3855253219697503,0.2216081183284384,0.21095534741410615,0.15122969400465802,0.33464602866039606,0.2352196478450561
